balanced_rank,token_label,token_currency,token_issuer,dex_tx_count,amm_tx_count,clob_tx_count,both_sides_min_tx,both_sides_hmean_tx,balance_ratio,overlap_tx_count,overlap_share_of_min,amm_unique_ledger_count
1,666,666,rhvf9fe6PP3GC8Bku2Ug7iQPjPDxYZfrxN,298378,235659,84395,84395,124281.78560492917,0.35812339015272066,21676,0.25683986018129035,154895
2,XAH,XAH,rswh1fvyLqHizBS2awu1vs6QcmwTBd9qiv,26991,14074,13039,13039,13536.745177590086,0.9264601392638908,122,0.009356545747373265,13112
3,SOLO,534F4C4F00000000000000000000000000000000,rsoLo2S1kiGeCcn6hCUXVrCpGMWLrRrLZz,19702,12646,7830,7830,9671.63313147099,0.6191681164004428,774,0.09885057471264368,9315
4,CORE,434F524500000000000000000000000000000000,rcoreNywaoz2ZCQ8Lg2EbSLnGuRBmun6D,15138,8470,7362,7362,7877.2283981809,0.869185360094451,694,0.09426786199402336,7671
5,589,589,rfcasq9uRbvwcmLFvc4ti3j8Qt1CYCGgHz,29127,4529,24648,4529,7651.971895671248,0.1837471600129828,50,0.011039964672113049,2977
6,RLUSD,524C555344000000000000000000000000000000,rMxCKbEDwqr76QuheSUMdEGf4B9xJ8m5De,124895,3328,123453,3328,6481.280065624976,0.026957627599167294,1886,0.5667067307692307,2920
7,MALLARD,4D414C4C41524400000000000000000000000000,raaoPU9crbLGEFCMyh8moNH4gipsHJY3wN,23440,3044,20473,3044,5299.979759323043,0.1486836321008157,77,0.025295663600525625,2176
8,CNY,CNY,rKiCet8SdvWxPXnAgYarFUXMh1zCPz432Y,7159,4619,3008,3008,3643.35964337223,0.6512232084866855,468,0.15558510638297873,2503
9,3RDEYE,3352444559450000000000000000000000000000,rHjyBqFM5oQvXu1soWtATC4r1V6GBnhCQQ,30480,2143,28371,2143,3984.9939699809925,0.07553487716330055,34,0.015865608959402706,1647
10,xSPECTAR,7853504543544152000000000000000000000000,rh5jzTCdMRCVjQ7LT6zucjezC47KATkuvv,15024,1822,13231,1822,3202.9339002192255,0.13770690046103848,29,0.015916575192096598,1368
11,XMAS,584D415300000000000000000000000000000000,rQnrDqcTQVqzHmvMX94HjcnZHtRQgU5jw1,5331,4247,1509,1509,2226.797428769979,0.35530963032728985,425,0.28164347249834326,2562
12,USDC,5553444300000000000000000000000000000000,rGm7WCVp9gb4jZHWTEtGUr4dd74z2XuWhE,18622,1369,17367,1369,2537.94011528608,0.07882766165716588,114,0.08327246165084003,1216
13,FUZZY,46555A5A59000000000000000000000000000000,rhCAT4hRdi2Y9puNdkpMzxrdKa5wkppR62,15717,15050,1050,1050,1963.0434782608695,0.06976744186046512,383,0.3647619047619048,7525
14,BPUG,4250554700000000000000000000000000000000,rUjp8dVpWFr7WJa93uHjSN16fZgiJivPwa,15447,878,14586,878,1656.2995344024832,0.06019470725353078,17,0.0193621867881549,630
15,EUROP,4555524F50000000000000000000000000000000,rMkEuRii9w9uBMQDnWV5AA43gvYZR9JxVK,10935,845,10170,845,1560.3540626418521,0.08308751229105212,80,0.09467455621301775,831
16,TBILL,5442494C4C000000000000000000000000000000,rTBLjLp1sWxCrMPjKruhaDrEB61wy4X36,1571,724,927,724,813.0199878861296,0.7810140237324703,80,0.11049723756906077,491
17,WBC,WBC,rnFdeZggmwKLXGaHvTL4aTwfEsPPXV5FHa,5064,4531,719,719,1241.0624761904762,0.1586846170823218,186,0.25869262865090403,4443
18,MAG,MAG,rXmagwMmnFtVet3uL26Q2iwk287SRvVMJ,5840,641,5257,641,1142.671074940658,0.12193266121361994,58,0.0904836193447738,620
19,CBIRD,4342495244000000000000000000000000000000,rHcU3JWTp7fnea3xgvbV8pCbEp9S3HjSUz,27196,622,26579,622,1215.5536928789384,0.023401933857556716,5,0.008038585209003215,482
20,XLM,XLM,rKiCet8SdvWxPXnAgYarFUXMh1zCPz432Y,1527,986,606,606,750.6482412060302,0.6146044624746451,65,0.10726072607260725,739
21,WETH,5745544800000000000000000000000000000000,rfmS3zqrQrka8wVyhXifEeyTwe8AMz2Yhw,1446,1013,436,436,609.6176673567978,0.43040473840078974,3,0.006880733944954129,883
22,REAL,5245414C00000000000000000000000000000000,rKVyXn1AhqMTvNA9hS6XkFjQNn2VE8Nz88,4078,3813,433,433,777.6867640131888,0.11355887752425911,168,0.38799076212471134,2922
23,PNL,PNL,ra3Qc2ird413RYwtX433LciKJ3cXgJo8xQ,3132,2862,431,431,749.178256908594,0.15059399021663172,161,0.37354988399071926,2211
24,USDC,5553444300000000000000000000000000000000,rcEGREd8NmkKRE8GE424sksyt1tJVFZwu,1250,851,409,409,552.4746031746032,0.4806110458284371,10,0.02444987775061125,693
25,USD,USD,rhub8VRN55s94qWKDv6jmDy1pUykJzF3wq,1072,727,398,398,514.3928888888889,0.547455295735901,53,0.13316582914572864,679
26,USD,USD,rvYAfWj5gh67oV6fW32ZzP3Aw4Eubs59B,1097,788,396,396,527.1081081081081,0.5025380710659898,87,0.2196969696969697,673
27,srfx,7372667800000000000000000000000000000000,rDgBV9WrwJ3WwtRWhkekMhDas3muFeKvoS,1358,1067,393,393,574.4260273972603,0.3683223992502343,102,0.2595419847328244,753
28,ARMY,41524D5900000000000000000000000000000000,rGG3wQ4kUzd7Jnmk1n5NWPZjjut62kCBfC,20950,20891,387,387,759.922643105555,0.018524723565171604,328,0.8475452196382429,7908
29,XUSD,5855534400000000000000000000000000000000,rpsMREjEPnBMejecRyTUyn2CEdNyLj7nTp,25950,25611,359,359,708.0746245668079,0.01401741439225333,20,0.055710306406685235,13255
30,USD,USD,rKiCet8SdvWxPXnAgYarFUXMh1zCPz432Y,1999,335,1913,335,570.1556939501779,0.17511761630946157,249,0.7432835820895523,326
31,XPM,XPM,rXPMxBeefHGxx2K7g5qmmWq3gFsgawkoa,3421,334,3137,334,603.7211178334774,0.10647115078100096,50,0.1497005988023952,300
32,USDT,5553445400000000000000000000000000000000,rGbUjUtNVq5M3Un5r4efJqHed4o5P2Usdt,1084,895,319,319,470.3542009884679,0.3564245810055866,130,0.40752351097178685,806
33,Opulence,4F70756C656E6365000000000000000000000000,rs5wxrBTSErywDDfPs5NY4Zorrca5QMGVd,30767,310,30500,310,613.7617656604998,0.010163934426229508,43,0.13870967741935483,250
34,XIO,XIO,rfuzioNFTKArnU1PQD5BEF272vpbHMRoxU,2058,300,1808,300,514.6110056925996,0.16592920353982302,50,0.16666666666666666,204
35,BXE,BXE,rM1J2Mc2eCSFpCz5QXxhDG2KWkGQWgy87r,1487,1311,297,297,484.28731343283584,0.22654462242562928,121,0.4074074074074074,1080
36,Fava,4661766100000000000000000000000000000000,r9gu97UDNkhnzRCzwZxBrxzHhEioaxtf3j,8542,8442,288,288,556.9979381443299,0.03411513859275053,188,0.6527777777777778,4695
37,PIGEONS,504947454F4E5300000000000000000000000000,rfQVVT7X5FynwK87EczgP2T8RQXmQcQSf,2970,2763,285,285,516.7027559055118,0.10314875135722042,78,0.2736842105263158,2236
38,PHNIX,50484E4958000000000000000000000000000000,rDFXbW2ZZCG5WgPtqwNiA2xZokLMm9ivmN,11011,10787,265,265,517.2918928700688,0.024566607954018726,41,0.15471698113207547,7357
39,Teddy,5465646479000000000000000000000000000000,r9Qk4VGodriw2xKLG9sRbTXWgknkz9TkDd,8920,256,8666,256,497.30912351490696,0.029540733902607894,2,0.0078125,216
40,XRPS,5852505300000000000000000000000000000000,rN1bCPAxHDvyJzvkUso1L2wvXufgE4gXPL,696,483,253,253,332.0625,0.5238095238095238,40,0.15810276679841898,321
41,EUR,EUR,rhub8VRN55s94qWKDv6jmDy1pUykJzF3wq,612,252,402,252,309.79816513761466,0.6268656716417911,42,0.16666666666666666,243
42,coreum7c8eb29e07,636F7265756D3763386562323965303700000000,rxXXXeMX8Gy5YvibvGLnQJ1XKKD7UswM1,1958,1758,249,249,436.2152466367713,0.1416382252559727,49,0.19678714859437751,1143
43,CHILLGUY,4348494C4C475559000000000000000000000000,rnMFxp6fBSzDm13MgKDNKbVy1z2gjiLCh8,583,238,345,238,281.6809605488851,0.6898550724637681,0,0.0,150
44,FPT,FPT,rBXRBN9gSFE4qL6DGWYHgKCLtoMzUVL5cF,32611,220,32395,220,437.03204047217537,0.006791171477079796,4,0.01818181818181818,161
45,AMM,AMM,rpooLMxfvoEPZcPxCfijtK3ZWaux1N1oVL,1148,934,220,220,356.11785095320624,0.23554603854389722,6,0.02727272727272727,744
46,DAB,DAB,rUjZYwUqkYnCphXBRMWsep8Zg47Cz41th1,6515,6371,212,212,410.3454352119095,0.033275780882122116,68,0.32075471698113206,4216
47,Friends,467269656E647300000000000000000000000000,rP1RDrCKQ6uvNbdTEnMPW8D2dYVfVsKKte,5831,5635,212,212,408.62664614332135,0.037622005323868675,16,0.07547169811320754,3697
48,Horizon,486F72697A6F6E00000000000000000000000000,rDKJWtrPqKiMBzK9FTVvebMVec7FJtJLx6,15743,15546,208,208,410.5075536371715,0.013379647497748616,11,0.052884615384615384,13090
49,VGB,VGB,rhcyBrowwApgNonehKBj8Po5z4gTyRknaU,1075,953,205,205,337.41796200345425,0.21511017838405036,83,0.40487804878048783,646
50,HADA,4841444100000000000000000000000000000000,rsR5JSisuXsbipP6sGdKdz5agjxn8BhHUC,410,274,201,201,231.8905263157895,0.7335766423357665,65,0.32338308457711445,231
51,iBTC,6942544300000000000000000000000000000000,rGcyRGrZPaJAZbZDi4NqRFLA5GQH63iFpD,947,752,197,197,312.21074815595364,0.261968085106383,2,0.01015228426395939,736
52,BTC,BTC,rchGBxcD1A1C2tdxF6papQYZ8kjRKMYcL,504,197,342,197,249.99628942486086,0.5760233918128655,35,0.17766497461928935,164
53,RPR,RPR,r3qWgpz2ry3BhcRJ8JE6rxM8esrfhuKp4R,522,365,187,187,247.30072463768116,0.5123287671232877,30,0.16042780748663102,329
54,HADALITE,484144414C495445000000000000000000000000,rHiPGSMBbzDGpoTPmk2dXaTk12ZV1pLVCZ,339,183,222,183,200.62222222222223,0.8243243243243243,66,0.36065573770491804,140
55,XDawgs,5844617767730000000000000000000000000000,raKhUVtNw6B892bKtATUT3frX35oawfsey,30091,175,29923,175,347.9649810618646,0.005848344083146743,7,0.04,161
56,BANDIT,42414E4449540000000000000000000000000000,rpC6LnTaBMxUAVP8jpnYEzGSsvdZvweyoz,3814,3801,155,155,297.85389282103137,0.040778742436201,142,0.9161290322580645,2029
57,BOREDBOYSCLUB,424F524544424F5953434C554200000000000000,rLyWf7yyZj9uiF3b6XhagzY2XDWFHx3LJs,3736,3680,155,155,297.470664928292,0.042119565217391304,99,0.6387096774193548,2533
58,Goofy,476F6F6679000000000000000000000000000000,rafpeg1fdT6UGdvYTfeDNDsmtJkMmc64vG,1963,1900,150,150,278.0487804878049,0.07894736842105263,87,0.58,1487
59,SGB,SGB,rctArjqVvTHihekzDeecKo6mkTYTUSBNc,1386,1263,149,149,266.55382436260624,0.11797307996832937,26,0.174496644295302,1041
60,NXS,NXS,rNexusA23ZQdtejTCeHZZaiKoJRsrnXboq,32613,129,32491,129,256.9797057020233,0.003970330245298698,7,0.05426356589147287,97
61,BEAR,4245415200000000000000000000000000000000,rBEARGUAsyu7tUw53rufQzFdWmJHpJEqFW,2506,2406,128,128,243.06866614048934,0.05320033250207814,28,0.21875,1782
62,POPU,504F505500000000000000000000000000000000,rGX1MwPy7qmoU1EgTQUuZU5K1YMKsmS2F6,490,417,128,128,195.87522935779816,0.3069544364508393,55,0.4296875,290
63,$RIPWALK,2452495057414C4B000000000000000000000000,rMiNfhnZujVw4Xbz2B4oyT6mb6sEuoBDAV,28747,126,28622,126,250.89550577431473,0.004402208091677731,1,0.007936507936507936,108
64,FLR,FLR,rcxJwVnftZzXqyH9YheB8TgeiZUhNo1Eu,1049,930,126,126,221.9318181818182,0.13548387096774195,7,0.05555555555555555,732
65,XHO,XHO,r9rCp6XCn3WiHWjMUs7c1GBZ85VsCFX4Ur,30942,122,30830,122,243.03825277849575,0.003957184560493026,10,0.08196721311475409,88
66,JESTER,4A45535445520000000000000000000000000000,rsax5bX1Z3ks7KBsApepAoCuX177aYAhwV,2496,2407,122,122,232.22933965994463,0.05068550062318238,33,0.27049180327868855,1622
67,SPY,SPY,rnmJEi7hzEL34R7x48e732qvSnmF5wsLtQ,29828,119,29712,119,237.05058496195232,0.00400511577813678,3,0.025210084033613446,91
68,XAG,XAG,rpG9E7B3ocgaKqG7vmrsu3jmGwex8W4xAG,476,401,109,109,171.4078431372549,0.2718204488778055,34,0.3119266055045872,315
69,ETH,ETH,rcA8X3TVMST1n3CJeAdGk1RdRCHii7N2h,205,127,107,107,116.14529914529915,0.84251968503937,29,0.27102803738317754,126
70,XRH,XRH,r9xu7pdBEx4DdiatMqAUFodgxaPkfFU1Zw,30809,99,30713,99,197.36381929118525,0.0032233907465893923,3,0.030303030303030304,92
71,CSC,CSC,rCSCManTZ8ME9EoLrSHHYKW8PPwWMgkwr,1900,1818,99,99,187.77464788732394,0.054455445544554455,17,0.1717171717171717,1441
72,RDL,RDL,r9xvnzUWZJpDu3NA6MKHmKhKJQTRqCRgu9,444,376,94,94,150.4,0.25,26,0.2765957446808511,313
73,WLO,WLO,rstjAWDiqKsUMhHqiJShRSkuaZ44TXZyDY,10833,10742,93,93,184.40350715274573,0.008657605660026066,2,0.021505376344086023,9855
74,ZRPY,5A52505900000000000000000000000000000000,rsxkrpsYaeTUdciSFJwvto7MKSrgGnvYvA,426,344,93,93,146.41647597254004,0.2703488372093023,11,0.11827956989247312,314
75,SLT,SLT,rfGCeDUdtbzKbXfgvrpG745qdC1hcZBz8S,731,649,92,92,161.15519568151146,0.14175654853620956,10,0.10869565217391304,539
76,mXRP,6D58525000000000000000000000000000000000,rfmS3zqrQrka8wVyhXifEeyTwe8AMz2Yhw,2077,90,1987,90,172.2002888781897,0.04529441368897836,0,0.0,71
77,OPM,OPM,rhdG26oZL6QKzSXsVfHGSzdXsTxR6RZ23X,792,726,89,89,158.56196319018406,0.12258953168044077,23,0.25842696629213485,553
78,GOGH,474F474800000000000000000000000000000000,rhsfZQhdFzRq37bbgejamWVPZmd9a7RZGX,4648,4608,82,82,161.1326226012793,0.017795138888888888,42,0.5121951219512195,1993
79,USDC.axl,555344432E61786C000000000000000000000000,rfmS3zqrQrka8wVyhXifEeyTwe8AMz2Yhw,639,579,81,81,142.11818181818182,0.13989637305699482,21,0.25925925925925924,421
80,SOLANA,534F4C414E410000000000000000000000000000,rUDojN2LXbU3Z8UeaAVeRHpLn2TQt3nnrR,2740,2720,80,80,155.42857142857142,0.029411764705882353,60,0.75,1907
81,XBTC,5842544300000000000000000000000000000000,r4u8JBo9pG3DG2RsVDuHAmADYqpsM4scgj,940,891,80,80,146.81771369721938,0.08978675645342311,31,0.3875,678
82,XRPH,5852504800000000000000000000000000000000,rM8hNqA3jRJ5Zgp3Xf3xzdZcx2G37guiZk,1829,1791,78,78,149.4895666131621,0.04355108877721943,40,0.5128205128205128,1469
83,DONNIE,444F4E4E49450000000000000000000000000000,rhhaVvZF69sQBgiDuM2avL2pbrryT5cGTF,237,161,76,76,103.25738396624473,0.4720496894409938,0,0.0,109
84,DROP,44524F5000000000000000000000000000000000,rszenFJoDdiGjyezQc8pME9KWDQH43Tswh,9099,9046,72,72,142.86290853257293,0.007959319036038028,19,0.2638888888888889,5489
85,LUMOS,4C554D4F53000000000000000000000000000000,rsPqeamjpr3Bxu4LhtCgvJEAQusYRRg6Ha,786,730,71,71,129.41323345817727,0.09726027397260274,15,0.2112676056338028,556
86,CASTLE,434153544C450000000000000000000000000000,rJkpCr5D35omjQSe1s1SeL21ufFwsrnuc7,3835,3833,67,67,131.69794871794872,0.01747978085050874,65,0.9701492537313433,2146
87,LEDGERGUY,4C45444745524755590000000000000000000000,rEUo2P65TfnhksXuietsjxUFCyYiiK83F5,1923,1869,66,66,127.49767441860465,0.03531300160513644,12,0.18181818181818182,1359
88,XRT,XRT,rPvuCxw1m8u2SWTqtRN6ZEcb1xPbU4cPFR,448,419,66,66,114.03711340206186,0.1575178997613365,37,0.5606060606060606,348
89,tbh,tbh,rEjbG5Bg8wvUDoLCKDQCzoArFuZ2Gg5nUi,711,677,63,63,115.27297297297298,0.0930576070901034,29,0.4603174603174603,517
90,GOLD,474F4C4400000000000000000000000000000000,rMELDgMrr8nvbhnb8oiP5aHWakqPJLh5Rn,2159,2113,62,62,120.46528735632184,0.029342167534311406,16,0.25806451612903225,1075
91,Xoge,586F676500000000000000000000000000000000,rJMtvf5B3GbuFMrqybh5wYVXEH4QE8VyU1,767,715,62,62,114.1055341055341,0.08671328671328671,10,0.16129032258064516,612
92,SUBSTRATE,5355425354524154450000000000000000000000,rfBeRtiWxBRkqHtmd8y9t9geiizVeLh9Mk,989,958,60,60,112.92730844793714,0.06263048016701461,29,0.48333333333333334,666
93,STX,STX,rSTAYKxF2K77ZLZ8GoAwTqPGaphAqMyXV,934,896,60,60,112.46861924686192,0.06696428571428571,22,0.36666666666666664,730
94,USDT,5553445400000000000000000000000000000000,rcvxE9PS9YBwxtGg1qNeewV6ZB3wGubZq,373,352,60,60,102.52427184466019,0.17045454545454544,39,0.65,349
95,BITx,4249547800000000000000000000000000000000,rBitcoiNXev8VoVxV7pwoQx1sSfonVP9i3,4214,4165,57,57,112.46091899573662,0.01368547418967587,8,0.14035087719298245,3628
96,XCORE,58434F5245000000000000000000000000000000,r3dVizzUAS3U29WKaaSALqkieytA2LCoRe,1584,1548,57,57,109.95140186915887,0.03682170542635659,21,0.3684210526315789,870
97,EVR,EVR,ra9g3LAJm9xJu8Awe7oWzR6VXFB1mpFtSe,1602,1570,56,56,108.14268142681426,0.035668789808917196,24,0.42857142857142855,1315
98,XDX,XDX,rMJAXYsbNzhwp7FfYnAsYP5ty3R9XnurPo,2398,2355,55,55,107.4896265560166,0.02335456475583864,12,0.21818181818181817,829
99,XRPayNet,58525061794E6574000000000000000000000000,r9rRLst96Ue4YTDQkWWkX1ePB6p6Ye4FkA,588,546,54,54,98.28,0.0989010989010989,12,0.2222222222222222,435
100,mula,6D756C6100000000000000000000000000000000,rMULA5hkZqsu7545NPnJZfu5ghKxuRbCro,539,488,54,54,97.23985239852398,0.11065573770491803,3,0.05555555555555555,339
101,HEROES,4845524F45530000000000000000000000000000,rnMRqB8KgCFzaezP11AavUfJQstfCkNoAZ,210,164,50,50,76.6355140186916,0.3048780487804878,4,0.08,153
102,RENT,52454E5400000000000000000000000000000000,rBqPBbBXLJVZMBjLgag6E3wnrKndjsnNxq,1476,1444,49,49,94.78365706630944,0.03393351800554017,17,0.3469387755102041,967
103,LTC,LTC,rcRzGWq6Ng3jeYhqnmM4zcWcUh69hrQ8V,177,140,49,49,72.5925925925926,0.35,12,0.24489795918367346,138
104,AtomXRPL,41746F6D5852504C000000000000000000000000,rNV3HcFqTFQ5c3kgeGykgFLZuDK1VadeeY,283,265,48,48,81.27795527156549,0.1811320754716981,30,0.625,198
105,MPTokensV1,4D50546F6B656E73563100000000000000000000,rMPTTP4YziBrvXWf8Zj3kDtowLperAsNkT,162,126,48,48,69.51724137931035,0.38095238095238093,12,0.25,118
106,BURN,4255524E00000000000000000000000000000000,rwgNTwrsZKPe7xYCy4emjFAYpgnuioHSkd,6225,6199,46,46,91.32233787029624,0.0074205517018874016,20,0.43478260869565216,3041
107,ATM,ATM,raDZ4t8WPXkmDfJWMLBcNZmmSHmBC523NZ,3796,3772,46,46,90.89156626506023,0.012195121951219513,22,0.4782608695652174,2689
108,Baalz,4261616C7A000000000000000000000000000000,rGSwkiwZu3WELNsLFaXhwtDEvoFLZpmPNH,1294,1279,46,46,88.80603773584906,0.03596559812353401,31,0.6739130434782609,983
109,LIONS,4C494F4E53000000000000000000000000000000,rGHtf1GTfXEXSPxmZfnQrUMGUpajYqAuzS,20334,45,20291,45,89.80084579071597,0.0022177319994086046,2,0.044444444444444446,42
110,PLR,PLR,rNSYhWLhuHvmURwWbJPBKZMSPsyG5Qek17,770,743,45,45,84.86040609137056,0.06056527590847914,18,0.4,581
111,SNK,SNK,rDDYXY17rzuF44gVAAQ9MB6GRQFkvWSccm,579,563,45,45,83.33881578947368,0.07992895204262877,29,0.6444444444444445,505
112,XRdoge,5852646F67650000000000000000000000000000,rLqUC2eCPohYvJCEBJ77eCCqVL2uEiczjA,1108,1082,44,44,84.56127886323269,0.04066543438077634,18,0.4090909090909091,854
113,SEAL,5345414C00000000000000000000000000000000,r4pXXQzJ8soYSX4QKeeW4BzRQS1PCtVYLJ,809,767,44,44,83.22564734895191,0.05736636245110821,2,0.045454545454545456,686
114,Equilibrium,457175696C69627269756D000000000000000000,rpakCr61Q92abPXJnVboKENmpKssWyHpwu,496,480,44,44,80.61068702290076,0.09166666666666666,28,0.6363636363636364,411
115,Mangydog,4D616E6779646F67000000000000000000000000,rhTbevuUM9y6hx7FrhqCbBnLM4EAcLybSP,189,158,43,43,67.60199004975124,0.2721518987341772,12,0.27906976744186046,121
116,OCCULT,4F4343554C540000000000000000000000000000,rcvLPmXSM6NXeaCWRUxzLQqoPcho4nWGy,4619,4602,42,42,83.24031007751938,0.009126466753585397,25,0.5952380952380952,2502
117,FAVA,4641564100000000000000000000000000000000,rpd9TS3dzFDTo4mEG7p5MCXQrA9Z4MqfL4,3113,3100,42,42,82.87714831317632,0.013548387096774193,29,0.6904761904761905,1920
118,ONDO,4F4E444F00000000000000000000000000000000,rondo4tPzRyU72uNpY97iCqXGYd35AmYv,140,112,42,42,61.09090909090909,0.375,14,0.3333333333333333,106
119,UtiliteX,5574696C69746558000000000000000000000000,rKDsnVfFMzdqrU8Bqno37d29L8ZW3hvrf8,103,63,42,42,50.4,0.6666666666666666,2,0.047619047619047616,47
120,BCH,BCH,rcyS4CeCZVYvTiKcxj6Sx32ibKwcDHLds,143,108,40,40,58.37837837837838,0.37037037037037035,5,0.125,108
121,ASC,ASC,r3qWgpz2ry3BhcRJ8JE6rxM8esrfhuKp4R,1539,1518,39,39,76.04624277456648,0.025691699604743084,18,0.46153846153846156,1097
122,XPUNK,5850554E4B000000000000000000000000000000,rHEL3bM4RFsvF8kbQj3cya8YiDvjoEmxLq,76,51,39,39,44.2,0.7647058823529411,14,0.358974358974359,50
123,GBP,GBP,r4GN9eEoz9K4BhMQXe4H1eYNtvtkwGdt8g,227,204,38,38,64.06611570247934,0.18627450980392157,15,0.39473684210526316,140
124,IOU,IOU,rwPm1ifE8ofuw5hcP9RCYkCuk92aTw9M5c,1311,1297,37,37,71.94752623688156,0.028527370855821126,23,0.6216216216216216,1012
125,br2w,6272327700000000000000000000000000000000,rH1p6b2va4qWpdx1Lcr5Kv6upgHzW7XK3T,332,320,37,37,66.33053221288516,0.115625,25,0.6756756756756757,174
126,XMEME,584D454D45000000000000000000000000000000,r4UPddYeGeZgDhSGPkooURsQtmGda4oYQW,131,95,36,36,52.213740458015266,0.37894736842105264,0,0.0,89
127,abc,abc,rs1H1VG1KKrt3UiVWCyBSqe5cyV2R76MYK,77,55,36,36,43.51648351648352,0.6545454545454545,14,0.3888888888888889,19
128,BlackRock,426C61636B526F636B0000000000000000000000,rBLACKCFCKDHE6ZKTiSpMrx3VYhzzHvuxG,70,36,41,36,38.33766233766234,0.8780487804878049,7,0.19444444444444445,36
129,TAZZ,54415A5A00000000000000000000000000000000,rDyzRLTk4eqYMJ86esHK5HPs1QHTJzjXwC,26228,34,26196,34,67.91185665268776,0.0012979080775690946,2,0.058823529411764705,33
130,MANGO,4D414E474F000000000000000000000000000000,rPs1LcNh9YLyEWycAgohqRxHvHSGsPXoWj,502,474,34,34,63.44881889763779,0.07172995780590717,6,0.17647058823529413,365
131,DONUT,444F4E5554000000000000000000000000000000,rfi8iV75LnyyAypFQtTsQvotKcLE9UJ1Rb,441,434,34,34,63.05982905982906,0.07834101382488479,27,0.7941176470588235,335
132,SPT,SPT,rswD8h8uzKPEUh26QKeWnxP2dR2HLkhCPm,342,318,33,33,59.794871794871796,0.10377358490566038,9,0.2727272727272727,273
133,HIOU,48494F5500000000000000000000000000000000,rHADAdAoB37EUuYqM61MYHwvjD3W2LzSYz,136,120,32,32,50.526315789473685,0.26666666666666666,16,0.5,84
134,GALA,47414C4100000000000000000000000000000000,rf5YPb9y9P3fTjhxNaZqmrwaj5ar8PG1gM,136,112,31,31,48.55944055944056,0.2767857142857143,7,0.22580645161290322,112
135,LEUR,4C45555200000000000000000000000000000000,rfL4Sci2ag5hhkpDuqtWYov6j3mshVWLgU,68,39,31,31,34.542857142857144,0.7948717948717948,2,0.06451612903225806,36
136,NINJA,4E494E4A41000000000000000000000000000000,ra95eq95VCqoRqsiNnfvbf2QC2stqbM2Cg,1807,1807,30,30,59.0201415351116,0.016602102933038185,30,1.0,1036
137,VIGIL,564947494C000000000000000000000000000000,rf8KtB6FFvWc756pfu6cuYeuohE8aHmpUo,1392,1385,30,30,58.72791519434629,0.021660649819494584,23,0.7666666666666667,779
138,HOORAH,484F4F5241480000000000000000000000000000,rLKdefbpxA6GWjwWrxHUWbqPhyh2ndJW9k,1333,1326,29,29,56.75867158671587,0.021870286576168928,22,0.7586206896551724,931
139,HELLO,48454C4C4F000000000000000000000000000000,rMMkGhGELrNxNd4AK6MgWNYXWFwFm6hDgW,25064,25052,28,28,55.93748006379585,0.001117675235510139,16,0.5714285714285714,9912
140,SIGMA,5349474D41000000000000000000000000000000,rfKYWZ84fm9eVEdoTcsQCo1WdqMPyaUF5z,1106,1083,28,28,54.588658865886586,0.02585410895660203,5,0.17857142857142858,794
141,XPR,XPR,rwcYUkP9d9Bdnq4bcLJqzjzwwTf94UG5hJ,687,676,28,28,53.77272727272727,0.04142011834319527,17,0.6071428571428571,500
142,ORH,ORH,rsEuuDKE7jXcaxjQZHNVsbV5FKb74BHyGv,495,480,28,28,52.91338582677165,0.058333333333333334,13,0.4642857142857143,352
143,MXMW,4D584D5700000000000000000000000000000000,rhNC1SpW1muH2VCp9QMLMyKwB2kTFaYJah,237,232,28,28,49.96923076923077,0.1206896551724138,23,0.8214285714285714,168
144,XRPonSOL,5852506F6E534F4C000000000000000000000000,rh2MM1EjdNvnyiJECpSVXPR52Mj2iEiCkT,232,221,28,28,49.70281124497992,0.12669683257918551,17,0.6071428571428571,138
145,BiteCoin,42697465436F696E000000000000000000000000,rpvmeBVhN5XiBj4Ss8qDiu3ab5wR7a92QW,2006,1996,27,27,53.27928818586258,0.013527054108216433,17,0.6296296296296297,1176
146,Diamondhands,4469616D6F6E6468616E64730000000000000000,rHM5Er4wtp2tcEGkftCjVchjosRMvwmkiw,1650,1649,27,27,53.130071599045344,0.01637355973317162,26,0.9629629629629629,903
147,SPY,SPY,rNRgeYFmUagAmYFEj7T6Y9TfCBPctKChVV,512,507,26,26,49.46341463414634,0.05128205128205128,21,0.8076923076923077,299
148,GRIM,4752494D00000000000000000000000000000000,rHLRdLwXiBZSD53ZQz8ogGJz25LzNCCjSz,389,371,26,26,48.594458438287155,0.07008086253369272,8,0.3076923076923077,305
149,SherPepe,5368657250657065000000000000000000000000,r9DDsqsG73ETWeSWZW3P758AaoVeFWiX69,2319,2309,25,25,49.46443873179091,0.010827197921177999,15,0.6,1592
150,SILVER,53494C5645520000000000000000000000000000,rMELDgMrr8nvbhnb8oiP5aHWakqPJLh5Rn,2144,2123,25,25,49.41806331471136,0.011775788977861516,4,0.16,1032
151,CHOKER,43484F4B45520000000000000000000000000000,rN77kMsvfcLprrPiboFfKkH64VEqGGLf9Q,1310,1308,25,25,49.062265566391595,0.0191131498470948,23,0.92,788
152,X,5800000000000000000000000000000000000000,ruxT12tH2mrccHFDjnjqWyGfAxYxYMHLA,475,455,25,25,47.395833333333336,0.054945054945054944,5,0.2,343
153,BERT,4245525400000000000000000000000000000000,rpwAnF1mMZRszxdinETFHwzGQiPgsv3jHR,1258,1239,24,24,47.087885985748215,0.01937046004842615,5,0.20833333333333334,722
154,JDR,JDR,rLJCLUYgBkJ1vnWVozu979nR9641vZPeCu,226,217,24,24,43.219917012448136,0.11059907834101383,15,0.625,121
155,RUGBTC,5255474254430000000000000000000000000000,rPVRVHkENgkPa7oQ7ARcEZ7KdsK3YTj6Xo,115,103,24,24,38.92913385826772,0.23300970873786409,12,0.5,67
156,SHROOMIES,5348524F4F4D4945530000000000000000000000,r4M4TzSypz2gRdS86hTM7oFcSs6yRmEPKZ,45914,45896,23,23,45.976959428558985,0.0005011329963395503,5,0.21739130434782608,44395
157,BULLCEMBER,42554C4C43454D42455200000000000000000000,rhpPgTbu4eTsUMFzbpRSXT1QtH2KpCLxBF,1107,1099,23,23,45.05704099821747,0.020928116469517744,15,0.6521739130434783,644
158,SOL589,534F4C3538390000000000000000000000000000,rE6EJTJLJY6jdcHCJgUegFMf67u5ovu3wm,1003,994,23,23,44.95968534906588,0.023138832997987926,14,0.6086956521739131,733
159,XBANK,5842414E4B000000000000000000000000000000,r4qey7sJ5vPAVq6Hn3GtXre8eZMkcN8Y9f,383,372,23,23,43.321518987341776,0.06182795698924731,12,0.5217391304347826,232
160,WXRP,5758525000000000000000000000000000000000,rEa5QY8tdbjgitLyfKF1E5Qx3VGgvbUhB3,109,91,23,23,36.719298245614034,0.25274725274725274,5,0.21739130434782608,85
161,Dubai Real Estate,4475626169205265616C20457374617465000000,rDUbai5NvZtGqGXxUtiTZhMmYAqh8BweZJ,93,89,23,23,36.55357142857143,0.25842696629213485,19,0.8260869565217391,83
162,Fava,4661766100000000000000000000000000000000,rPhLHqVRvk2JiMCc3fw2PsJNdUgADFbWhE,54498,54489,22,22,43.98224211627011,0.0004037512158417295,13,0.5909090909090909,19373
163,COBALT,434F42414C540000000000000000000000000000,rCoBALTd1RrJtGoiXJD4Am1TJh5qBAY2A,34362,22,34341,22,43.971830166167095,0.0006406336449142425,1,0.045454545454545456,20
164,PEPE,5045504500000000000000000000000000000000,rJEApMjV7KVVopB8NB1WXQpQYVu84vRGTa,1190,1170,22,22,43.18791946308725,0.018803418803418803,2,0.09090909090909091,748
165,8LOL,384C4F4C00000000000000000000000000000000,rfmMR1iw2UG9RrfiH6p1jnncmdy57TRpUz,475,463,22,22,42.004123711340206,0.047516198704103674,10,0.45454545454545453,326
166,DEFIMFER,444546494D464552000000000000000000000000,rwtiU6S6sLxSrFfznMPAaTp46X6kWdFRzH,247,233,22,22,40.20392156862745,0.0944206008583691,8,0.36363636363636365,176
167,BRITTO,42524954544F0000000000000000000000000000,rfxwXDzenkYoXSEbNA4cZjaT9FY3eeL47e,98,83,22,22,34.78095238095238,0.26506024096385544,7,0.3181818181818182,63
168,CHAOS,4348414F53000000000000000000000000000000,r9x2gBJncTSo8kK3kf7qE5qYoJCfSQoEkq,1681,1669,21,21,41.47810650887574,0.012582384661473937,9,0.42857142857142855,1185
169,XRT,XRT,rPJZgsLwReG7oTKKcn3J1zvFV2iYsHUunb,594,589,21,21,40.554098360655736,0.035653650254668934,16,0.7619047619047619,431
170,VPRSM,565052534D000000000000000000000000000000,rDtJVoGix8XyPN6xxzRz4uf3NDqxm13w2P,500,497,21,21,40.2972972972973,0.04225352112676056,18,0.8571428571428571,337
171,MALACHI,4D414C4143484900000000000000000000000000,rHm32PhsgaV5NYJSfVE71qqdgzwHtDNTyF,455,445,21,21,40.107296137339056,0.04719101123595506,11,0.5238095238095238,297
172,MASK,4D41534B00000000000000000000000000000000,rUc3QqLuP1wi3aHCey3hjzDFocmYrbFRKD,110,102,21,21,34.829268292682926,0.20588235294117646,13,0.6190476190476191,81
173,CODED,434F444544000000000000000000000000000000,rnNErmg9xVmcxxNZUwivbJSH6i9GUwYPFj,1371,1371,20,20,39.42487419122933,0.014587892049598834,20,1.0,761
174,MDS,MDS,rGF4scYCuPQQGNzk7SX9pnN6GaTbRRqxnx,1195,1185,20,20,39.33609958506224,0.016877637130801686,10,0.5,898
175,MXMW,4D584D5700000000000000000000000000000000,rnCHN2NWQ8ZYzMcpNrygy1HKDWReZBVChT,925,915,20,20,39.144385026737964,0.02185792349726776,10,0.5,375
176,XCNS,58434E5300000000000000000000000000000000,rJTwiThswADuUz94eiHLPDDvDgL5Mjc9oN,897,884,20,20,39.11504424778761,0.02262443438914027,7,0.35,592
177,scrap,7363726170000000000000000000000000000000,rGHtYnnigyuaHehWGfAdoEhkoirkGNdZzo,875,865,20,20,39.09604519774011,0.023121387283236993,10,0.5,470
178,coreum905c098732,636F7265756D3930356330393837333200000000,rxXXXeMX8Gy5YvibvGLnQJ1XKKD7UswM1,798,786,20,20,39.007444168734494,0.02544529262086514,8,0.4,534
179,XUM,XUM,r465PJyGWUE8su1oVoatht6cXZJTg1jc2m,259,247,20,20,37.00374531835206,0.08097165991902834,8,0.4,191
180,CIRCLE,434952434C450000000000000000000000000000,rCRCjtFxswTxNCEXa5Xux41vNsbUdaB2N,38,23,20,20,21.3953488372093,0.8695652173913043,5,0.25,23
181,FAFO,4641464F00000000000000000000000000000000,rNc4mEgUohwTEV7uiK1nurNE1BmZi9sPjS,2676,2669,19,19,37.73139880952381,0.007118771075309105,12,0.631578947368421,1307
182,OVO,OVO,rgYfewBWZeTgaRG6iA4zwy6q9WzaHKjYL,756,752,19,19,37.063553826199744,0.02526595744680851,15,0.7894736842105263,493
183,XWAR,5857415200000000000000000000000000000000,rJAm3vMSiwCZHxLygaTdmiqCUG8YeSJFVy,43,25,19,19,21.59090909090909,0.76,1,0.05263157894736842,20
184,XRPLOL,5852504C4F4C0000000000000000000000000000,r3o6UJoiaWdvDPRkEZYvJn4twhXCKMKyau,621,613,18,18,34.973058637083994,0.02936378466557912,10,0.5555555555555556,423
185,LIFER,4C49464552000000000000000000000000000000,rHsWP9nJzFwXwdu5mio3WXapN61ahE3HGk,358,352,18,18,34.24864864864865,0.05113636363636364,12,0.6666666666666666,225
186,20130101,3230313330313031000000000000000000000000,rBHXpiiuom8XNf6wKhUF4HDDubR8GLjner,241,230,18,18,33.38709677419355,0.0782608695652174,7,0.3888888888888889,162
187,XBONK,58424F4E4B000000000000000000000000000000,rD8jgAhDcezSDKGYhpg9v9hWVrGxS9ntWP,92,82,18,18,29.52,0.21951219512195122,8,0.4444444444444444,68
188,MMNY,4D4D4E5900000000000000000000000000000000,rGQBzppxfM687zvmEFHJpr7s2ujvQBxeZr,922,914,17,17,33.379162191192265,0.018599562363238512,9,0.5294117647058824,699
189,XFLOKI,58464C4F4B490000000000000000000000000000,rUtXeAXonpFpgKubAa7LxcLd7NFep92T1t,87,74,17,17,27.64835164835165,0.22972972972972974,4,0.23529411764705882,61
190,BANK OF AMERICA,42414E4B204F4620414D45524943410000000000,r3bankvcxoGFN6AcV1hoBcLVrSL4F5HFWG,38,17,25,17,20.238095238095237,0.68,4,0.23529411764705882,14
191,SENT,53454E5400000000000000000000000000000000,rspYcqzdPTjaUPmWg9i1vK5LJLSyfJUpH4,19891,19889,16,16,31.974277819643305,0.0008044647795263714,14,0.875,18714
192,FENRIR,46454E5249520000000000000000000000000000,rDy9JtWPvAJL4aL4D1zFL16j2wjxS1L5BX,2900,2894,16,16,31.82405498281787,0.0055286800276434,10,0.625,2013
193,Laugh,4C61756768000000000000000000000000000000,r32nbPw6cyt3KdxinB4ua6WSLRrrF4SXAC,757,744,16,16,31.326315789473686,0.021505376344086023,3,0.1875,631
194,DRKRV,44524B5256000000000000000000000000000000,rGgykF5fYnmzEELh8fpLJXwkKDzXtdkrrr,346,344,16,16,30.57777777777778,0.046511627906976744,14,0.875,242
195,PONGO,504F4E474F000000000000000000000000000000,rwCq6TENSo3Hh9LKipXnLaxaeXBXKubqki,349,343,16,16,30.573816155988858,0.04664723032069971,10,0.625,245
196,MXI,MXI,rpj9MbbYR9w4smmjG7qJMFCitqDSdPwc28,341,331,16,16,30.52449567723343,0.04833836858006042,6,0.375,265
197,BTC,BTC,rvYAfWj5gh67oV6fW32ZzP3Aw4Eubs59B,316,305,16,16,30.404984423676012,0.05245901639344262,5,0.3125,258
198,AREA321,4152454133323100000000000000000000000000,rDRfcV2szPFMb42zik3xHhv3F3reepRbGi,1926,1924,15,15,29.767921609076843,0.007796257796257797,13,0.8666666666666667,1319
199,Grabs,4772616273000000000000000000000000000000,rUDVxCZczHSYTch7bXBpwAwYFVWeAdNehv,383,373,15,15,28.84020618556701,0.040214477211796246,5,0.3333333333333333,327
200,ARK,ARK,rf5Jzzy6oAFBJjLhokha1v8pXVgYYjee3b,371,364,15,15,28.812664907651715,0.04120879120879121,8,0.5333333333333333,291
201,RPLS,52504C5300000000000000000000000000000000,r93hE5FNShDdUqazHzNvwsCxL9mSqwyiru,292,280,15,15,28.47457627118644,0.05357142857142857,3,0.2,191
202,CFH,CFH,rDTHkzTq3Acxu6QrSLVfHrR3KadFknMkfS,196,183,15,15,27.727272727272727,0.08196721311475409,2,0.13333333333333333,139
203,XRPDBT,5852504442540000000000000000000000000000,rnXbvdCzQZbA1Yje1Ct1gFBbs3bAs4oTDo,161,155,15,15,27.352941176470587,0.0967741935483871,9,0.6,99
204,CX1,CX1,rKk7mu1dNB25fsPEJ4quoQd5B8QmaxewKi,140,132,15,15,26.93877551020408,0.11363636363636363,7,0.4666666666666667,111
205,Joey,4A6F657900000000000000000000000000000000,rN6CXs6J7WDh8miq2C2cre6w7jipc55Ut,62,50,15,15,23.076923076923077,0.3,3,0.2,50
206,IGC,IGC,raP6XZypcFR1WkDzaKjv91FtYRCURvePWW,27,18,15,15,16.363636363636363,0.8333333333333334,6,0.4,16
207,BAIT,4241495400000000000000000000000000000000,rGTnopFjup5mWBeCPVexX5FwXp1T4ignNS,1432,1425,14,14,27.727588603196665,0.009824561403508772,7,0.5,1032
208,America,416D657269636100000000000000000000000000,rG176WYDarsZ8WhBuQ3L54r1aYFzE8NxWH,183,175,14,14,25.925925925925927,0.08,6,0.42857142857142855,120
209,XOX,XOX,rGJbFqiLdh23e9WigQ5sxTfFqTENveLX21,86,73,14,14,23.49425287356322,0.1917808219178082,1,0.07142857142857142,71
210,XRPLOL,5852504C4F4C0000000000000000000000000000,rMDfsTapNvFSo7irSe6gYpPmYj3EjqbcqF,1424,1412,13,13,25.76280701754386,0.009206798866855524,1,0.07692307692307693,1108
211,XRPonSOL,5852506F6E534F4C000000000000000000000000,rMyqebK5tiNZgwV3Dzrr3KRsmqbowDPE6X,980,975,13,13,25.657894736842106,0.013333333333333334,8,0.6153846153846154,690
212,MXMW,4D584D5700000000000000000000000000000000,rKzEPiDj1jciD1EW1kZ76CZELqrhSUPRjS,833,830,13,13,25.59905100830368,0.01566265060240964,10,0.7692307692307693,527
213,YTY,YTY,rBKo2fwDC9Ya8gWEsvLTHTSsHm4vnpAQh3,450,447,13,13,25.265217391304347,0.029082774049217,10,0.7692307692307693,252
214,DOGI,444F474900000000000000000000000000000000,r4aYh6aDVpp4DG5wGcgeVxPdusFCJ3YYJx,198,193,13,13,24.359223300970875,0.06735751295336788,8,0.6153846153846154,137
215,BTCX,4254435800000000000000000000000000000000,rBnuiD54Mk4FmeU8WhBfstxnB5XEFt4QBQ,65,57,13,13,21.17142857142857,0.22807017543859648,5,0.38461538461538464,38
216,REN,REN,rfJaHW5KanrqDbpC8emVV9bUcemFk1EHVe,9405,12,9393,12,23.969377990430623,0.0012775471095496647,0,0.0,8
217,POLICE,504F4C4943450000000000000000000000000000,rfjutsDJfakrhZUPMBe5E65S38eRZEP3yt,1750,1748,12,12,23.836363636363636,0.006864988558352402,10,0.8333333333333334,841
218,xrplcoins,7872706C636F696E730000000000000000000000,r3V9g1afH5qBUghcToy7DP3z2873V23AoK,468,465,12,12,23.39622641509434,0.025806451612903226,9,0.75,260
219,CTF,CTF,r9Xzi4KsSF1Xtr8WHyBmUcvfP9FzTyG5wp,221,214,12,12,22.72566371681416,0.056074766355140186,5,0.4166666666666667,184
220,Cotiso,436F7469736F0000000000000000000000000000,rntkcKTJ3CaTh1eDmdorpQTiGoxaoN3vEt,161,153,12,12,22.254545454545454,0.0784313725490196,4,0.3333333333333333,112
221,Cub,Cub,rN5yEd16jvqcVW1UA4kZxZ3jUA9Es85QgD,64,52,12,12,19.5,0.23076923076923078,0,0.0,34
222,MGM,MGM,rwkXun6HW35vmnbcirFfz9MJtqnAReNwea,53,44,12,12,18.857142857142858,0.2727272727272727,3,0.25,41
223,GTreasury,4754726561737572790000000000000000000000,rGTRSyN3NbeC52Abw9dbhkTVBTP6FxMjno,24,17,12,12,14.068965517241379,0.7058823529411765,5,0.4166666666666667,17
224,SWITCH,5357495443480000000000000000000000000000,rJ8jyXpdAZhfxMamtLadk8LYFxd1ff6iKQ,24,14,12,12,12.923076923076923,0.8571428571428571,2,0.16666666666666666,14
225,RIPTARD,5249505441524400000000000000000000000000,r37NJszgETCmYqUkPH7PmtkpVdsYBfMYSc,47,39,11,11,17.16,0.28205128205128205,3,0.2727272727272727,28
226,Dubai Land Dept,4475626169204C616E6420446570740000000000,rDubAia7YiqfDNJ3m58b1kcxxeGEJ7MZiW,24,17,11,11,13.357142857142858,0.6470588235294118,4,0.36363636363636365,17
227,WhiteRock,5768697465526F636B0000000000000000000000,rwhiTEoBfXEfXT3VeXomX6b4k4Jn85Pt75,20,13,11,11,11.916666666666666,0.8461538461538461,4,0.36363636363636365,13
228,aura,6175726100000000000000000000000000000000,rpjuvqrH37RGzb88UVibzCQYSNrM9FxJDy,10188,10181,10,10,19.98037484054558,0.0009822217856792063,3,0.3,7523
229,HEDGE,4845444745000000000000000000000000000000,r3GXGxZe8obcMS9L9LMm32NZrW5VCuNDxR,1982,1982,10,10,19.899598393574298,0.005045408678102927,10,1.0,1332
230,XMASGUY,584D415347555900000000000000000000000000,rw7RyG9FvrSsFAL7MZmV1BstW5WDyqdQMJ,1302,1301,10,10,19.84744469870328,0.007686395080707148,9,0.9,639
231,WAFFL,574146464C000000000000000000000000000000,rfmzzPPU58nukrktDYe6M8wKrxeVb5hMNJ,775,771,10,10,19.743918053777207,0.01297016861219196,6,0.6,600
232,4TELL,3454454C4C000000000000000000000000000000,rNNfA8skJdYTJBEewgquswU6vDSpehoD2Y,602,599,10,10,19.671592775041052,0.01669449081803005,7,0.7,432
233,BRB,BRB,rUkuT9TCDTP2oeAPsrCN7XKcHZfdvHvFkG,393,385,10,10,19.49367088607595,0.025974025974025976,2,0.2,313
234,ZRP,ZRP,rZapJ1PZ297QAEXRGu3SZkAiwXbA7BNoe,288,285,10,10,19.322033898305083,0.03508771929824561,7,0.7,248
235,OXP,OXP,rrno7Nj4RkFJLzC4nRaZiLF5aHwcTVon3d,235,227,10,10,19.156118143459917,0.04405286343612335,2,0.2,182
236,LIHUA,4C49485541000000000000000000000000000000,rnhtvpHsAgigmVemgtzt7pujj4gv6LVL2a,159,156,10,10,18.795180722891565,0.0641025641025641,7,0.7,115
237,SGRINCH,534752494E434800000000000000000000000000,rsQ4GatJL3kPzBRpmNdsvFpzziYcmeWVSk,154,152,10,10,18.765432098765434,0.06578947368421052,8,0.8,97
238,LUSD,4C55534400000000000000000000000000000000,rfL4Sci2ag5hhkpDuqtWYov6j3mshVWLgU,87,86,10,10,17.916666666666668,0.11627906976744186,9,0.9,79
239,XWSB,5857534200000000000000000000000000000000,rLpL5d9qubKjht8GnkxgnVTQPq9MKNc757,85,80,10,10,17.77777777777778,0.125,5,0.5,74
240,FXRP,4658525000000000000000000000000000000000,rNqkCNwg7kBRi3uFKwqRK9gTSM8bcey74E,24,18,10,10,12.857142857142858,0.5555555555555556,4,0.4,16
241,BAPES,4241504553000000000000000000000000000000,rLUR2xrdeP77xUKW3S93jaA8k5h4JAwkix,6173,6168,9,9,17.97377367654201,0.0014591439688715954,4,0.4444444444444444,2747
242,Dark,4461726B00000000000000000000000000000000,r3PxjoJYuscu73YhhkYq5DPV2X5fqSr4CS,1391,1390,9,9,17.88420300214439,0.006474820143884892,8,0.8888888888888888,857
243,Zaios,5A61696F73000000000000000000000000000000,rLgtidvwREUT7six9n5Y7sE9JnieZTkfB5,1308,1306,9,9,17.87680608365019,0.006891271056661562,7,0.7777777777777778,759
244,NIGHTFALL,4E4947485446414C4C0000000000000000000000,rKSRMEYtTV81rLqfHfVAjT99gXrcrWryZW,658,654,9,9,17.755656108597286,0.013761467889908258,5,0.5555555555555556,436
245,RealFI,5265616C46490000000000000000000000000000,rEAL3wLK8YmMV5EQeA9vXonstypXtNTPvk,389,382,9,9,17.585677749360613,0.02356020942408377,2,0.2222222222222222,338
246,METH,4D45544800000000000000000000000000000000,rKus1pe2EZAgaL18b8MbiJkgrniWTP625G,302,298,9,9,17.47231270358306,0.030201342281879196,5,0.5555555555555556,219
247,BUNNYX,42554E4E59580000000000000000000000000000,rnMsy4i9kH5mTrHz3VoBk3jUVe26MHZAL5,252,247,9,9,17.3671875,0.03643724696356275,4,0.4444444444444444,197
248,RIPDEV,5249504445560000000000000000000000000000,rJnVb1SQE8SRjjUc8QCUEHVii3mC6w5bZ3,157,151,9,9,16.9875,0.059602649006622516,3,0.3333333333333333,109
249,IOTA,494F544100000000000000000000000000000000,rGqXPDdYs1MDFBCFqo64mc8UxMG5hjAjMQ,139,132,9,9,16.851063829787233,0.06818181818181818,2,0.2222222222222222,102
250,DFI,DFI,rUY6tjGN8PJDVyVFLztRZLmPZ8uTBUfa2Z,30,23,9,9,12.9375,0.391304347826087,2,0.2222222222222222,20
251,SEC,SEC,rKrjzz3fN8inpeG8fZAinuyen7ZRcsRvB9,27,23,9,9,12.9375,0.391304347826087,5,0.5555555555555556,19
252,SEC,SEC,rDN4Ux1WFJJsPCdqdfZgrDZ2icxdAmg2w,20,13,9,9,10.636363636363637,0.6923076923076923,2,0.2222222222222222,9
253,COOK,434F4F4B00000000000000000000000000000000,rNjUgFEoXaSCAck4xXhsEbCNWWHphFpRDP,19341,19338,8,8,15.993383645197973,0.0004136932464577516,5,0.625,7114
254,TOTO,544F544F00000000000000000000000000000000,r9sH6YEVRyg8uYaKfyk1EfH36Lfq7a8PUD,1198,1195,8,8,15.893599334995844,0.0066945606694560665,5,0.625,817
255,TIME,54494D4500000000000000000000000000000000,rExSpmk2PAqxKRTT3mhjCrCpqVasBra5v8,816,813,8,8,15.84409257003654,0.00984009840098401,5,0.625,420
256,RUGTARD,5255475441524400000000000000000000000000,rBqJ7FhxiPYRUaS3RE6sJg1kMPbJFeA8m1,511,509,8,8,15.752417794970986,0.015717092337917484,6,0.75,310
257,MANANA,4D414E414E410000000000000000000000000000,rHkNTmaK5soSVbE2SiJ2djziarRxi44btN,422,420,8,8,15.700934579439252,0.01904761904761905,6,0.75,283
258,Dessalines,44657373616C696E657300000000000000000000,rfbk7dwMpfUGYFnEwpV6st69EtGFkWyfuu,244,237,8,8,15.477551020408164,0.03375527426160337,1,0.125,204
259,SwissTech,5377697373546563680000000000000000000000,raq7pGaYrLZRa88v6Py9V5oWMYEqPYr8Tz,192,187,8,8,15.343589743589744,0.0427807486631016,3,0.375,153
260,BADSANTA,42414453414E5441000000000000000000000000,rUa2WJvUaxH9cLsYFnwVqJzK5DvPQTz74A,142,138,8,8,15.123287671232877,0.057971014492753624,4,0.5,88
261,XTK,XTK,rXTKdHWuppSjkbiKoEv53bfxHAn1MxmTb,136,132,8,8,15.085714285714285,0.06060606060606061,4,0.5,112
262,$BUBBLES,24425542424C4553000000000000000000000000,rGUKfQ2Sm35KFSZ6BuKsjHxgyKSYgV7pzs,125,123,8,8,15.022900763358779,0.06504065040650407,6,0.75,99
263,TTT,TTT,rDGfrpVvDT31xfxi1mNqkw8Wn2Y3RKhZFJ,105,102,8,8,14.836363636363636,0.0784313725490196,5,0.625,70
264,FRACTIONS,4652414354494F4E530000000000000000000000,rEpjJd2X91D4vy1wctrE8o1wrFn4Mpzn4H,79,73,8,8,14.419753086419753,0.1095890410958904,2,0.25,60
265,WLFI,574C464900000000000000000000000000000000,rGVxqEKH58bAZQKoRjyBJkYDPazCRxsqJ,50,44,8,8,13.538461538461538,0.18181818181818182,2,0.25,40
266,GXRP,4758525000000000000000000000000000000000,rGRAYoZz6rDLAgj68KL6XkwtSSJobgRMhB,20,8,13,8,9.904761904761905,0.6153846153846154,1,0.125,8
267,Xcrusader,5863727573616465720000000000000000000000,rhXa7avJF65iC27j6KRDRrWo2mVqrfVUmZ,13,10,8,8,8.88888888888889,0.8,5,0.625,10
268,MOON,4D4F4F4E00000000000000000000000000000000,r3WPc1mesNcv7eEUZJc4UUaxCdvAcq4TRo,2556,2555,7,7,13.96174863387978,0.0027397260273972603,6,0.8571428571428571,1564
269,LNX,LNX,rB7y5hdKf6yPUQJPG7E7wMpbTjjzZNaDZz,1002,1001,7,7,13.902777777777779,0.006993006993006993,6,0.8571428571428571,534
270,404,404,raHJ4Jz9PYk356wWaDMYw79B17iWtfsSMi,918,913,7,7,13.893478260869566,0.007667031763417305,2,0.2857142857142857,669
271,IZZY,495A5A5900000000000000000000000000000000,rNLSGhGDQtwReyxbW3Kd2DAeAyJMeKryiz,801,797,7,7,13.878109452736318,0.00878293601003764,3,0.42857142857142855,641
272,$EVO,2445564F00000000000000000000000000000000,rPLQFoVbf6fefzuUZSZEqW9pjUHUXJD5j8,760,760,7,7,13.872229465449804,0.009210526315789473,7,1.0,481
273,SCHWEPE,5343485745504500000000000000000000000000,rUQXurByxmKni4aLpuWMYMxxV5GWT1Azw2,395,388,7,7,13.751898734177216,0.01804123711340206,0,0.0,316
274,NHI,NHI,r9wwE1WhuPdvQbX6cyy25K7RA8hBsYstHH,375,371,7,7,13.74074074074074,0.018867924528301886,3,0.42857142857142855,292
275,UGA,UGA,rBFJGmWj6YaabVCxfsjiCM8pfYXs8xFdeC,301,297,7,7,13.677631578947368,0.02356902356902357,3,0.42857142857142855,226
276,SEALED,5345414C45440000000000000000000000000000,rsqjba4qoCQUpgrLCEhjt1GvitWkfsipZh,260,260,7,7,13.632958801498127,0.026923076923076925,7,1.0,168
277,CATE,4341544500000000000000000000000000000000,rJcuDjYBfyKeHdFPFj3EBPHdtmVaGTTo3Y,231,231,7,7,13.588235294117647,0.030303030303030304,7,1.0,118
278,BCHAMP,424348414D500000000000000000000000000000,rhYhn7s6z4HAfuJm7ehuSE7wxepRoUPwpi,198,191,7,7,13.505050505050505,0.03664921465968586,0,0.0,159
279,XGBT,5847425400000000000000000000000000000000,rPdcwvKyP6ShLnj2qk9sdQLLn1T7NG1RXK,155,148,7,7,13.36774193548387,0.0472972972972973,0,0.0,138
280,Barron,426172726F6E0000000000000000000000000000,rLxJv7a6uScd6qaSbuELTPkj9i2vJhn6YZ,147,141,7,7,13.337837837837839,0.04964539007092199,1,0.14285714285714285,127
281,MEMO,4D454D4F00000000000000000000000000000000,rNZS1hXERvSfpbRpG5jNz3bMkHFhEV1H2y,125,125,7,7,13.257575757575758,0.056,7,1.0,66
282,FARM,4641524D00000000000000000000000000000000,rPrAEfVATUNDTJm9CUa8tYeD7oJrVdEGhU,106,103,7,7,13.10909090909091,0.06796116504854369,4,0.5714285714285714,92
283,XFT,XFT,rGpnoqYLzWytxwQhhz715nRbqyCHM7zhxt,85,81,7,7,12.886363636363637,0.08641975308641975,3,0.42857142857142855,69
284,CAT,CAT,r4TZ6HwSbNQevDgzAfoWd1McGsVNjaTNzb,42,36,7,7,11.720930232558139,0.19444444444444445,1,0.14285714285714285,31
285,Galaxy,47616C6178790000000000000000000000000000,r3Si5cWtHZZuKXQERoaTKc7Vhw53RdGi2A,25,18,7,7,10.08,0.3888888888888889,0,0.0,11
286,WORMHOLE,574F524D484F4C45000000000000000000000000,rWoRM6NuSBgZpMtXEKtFoGyCL9dWd5doL,17,7,11,7,8.555555555555555,0.6363636363636364,1,0.14285714285714285,7
287,MEMORY,4D454D4F52590000000000000000000000000000,rfTsfrviaNgJ1URQf4FVWjsr59ULr1FNgu,16,10,7,7,8.235294117647058,0.7,1,0.14285714285714285,10
288,BSP,BSP,rG47hi9xKvEhjCD8LXhfxjRzuEEBxwGUbL,13,10,7,7,8.235294117647058,0.7,4,0.5714285714285714,10
289,BNY,BNY,rBNYesH8pPiv2G3xUGwXqTRXYgwVBMXPsP,15,7,9,7,7.875,0.7777777777777778,1,0.14285714285714285,5
290,TMB,TMB,rLK1Zo3qvZw4ps4fGBkheN4FCmAx2Uf8sF,687,683,6,6,11.895500725689406,0.008784773060029283,2,0.3333333333333333,521
291,PROFIT,50524F4649540000000000000000000000000000,rJwLNwaBUh9a7ajk9FeeLAuA791wVe3oyg,551,546,6,6,11.869565217391305,0.01098901098901099,1,0.16666666666666666,339
292,PHASER,5048415345520000000000000000000000000000,rQLfUoZNafhTTJCoCt64isgCcmXdL5a5cp,377,374,6,6,11.810526315789474,0.016042780748663103,3,0.5,278
293,Schmeckles,5363686D65636B6C657300000000000000000000,rPxw83ZP6thv7KmG5DpAW4cDW55DZRZ9wu,326,322,6,6,11.78048780487805,0.018633540372670808,2,0.3333333333333333,288
294,SOON,534F4F4E00000000000000000000000000000000,rJEUXcq85PnHC91oRKrz43zcVpFtpjJkQE,224,221,6,6,11.682819383259911,0.027149321266968326,3,0.5,130
295,ROSS,524F535300000000000000000000000000000000,rEMoSpfFPJCJu4ppgPT7SSHe2P3tZPki1t,213,212,6,6,11.669724770642201,0.02830188679245283,5,0.8333333333333334,143
296,aixrp,6169787270000000000000000000000000000000,rDvVS42ZgKvFNuacNvJZyQe83JQbTEDVRu,175,174,6,6,11.6,0.034482758620689655,5,0.8333333333333334,150
297,FUZZYB,46555A5A59420000000000000000000000000000,rCiqVyZRZsdEAcoitSeE5Hqd6dxmkX5Kp,169,168,6,6,11.586206896551724,0.03571428571428571,5,0.8333333333333334,127
298,bwif,6277696600000000000000000000000000000000,r33jHP8k9eFY9Vf1SLU2XKfoQ8A3SkXPEh,141,141,6,6,11.510204081632653,0.0425531914893617,6,1.0,113
299,KXLL,4B584C4C00000000000000000000000000000000,rECtXyqoMB3S9YNQsvugXnX4shPbYKJC1K,135,129,6,6,11.466666666666667,0.046511627906976744,0,0.0,89
300,BlackRock,426C61636B526F636B0000000000000000000000,r3UbtGfDdLHE54F8sCkWP28ywEKtEKzdSP,112,107,6,6,11.36283185840708,0.056074766355140186,1,0.16666666666666666,91
301,RippleX,526970706C655800000000000000000000000000,rBeu2TQGnxHZtEzPVKY6LfM8GZMmTmndHc,57,57,6,6,10.857142857142858,0.10526315789473684,6,1.0,35
302,XRsilver,585273696C766572000000000000000000000000,rEAYBYLaar6Bih2ZZXTNWC14XcdRGeHoVk,43,39,6,6,10.4,0.15384615384615385,2,0.3333333333333333,25
303,SKY,SKY,rSKYachd4cqUgztsTr83mEKTAcNZG4Ez2,25,23,6,6,9.517241379310345,0.2608695652173913,4,0.6666666666666666,15
304,WELLS FARGO,57454C4C5320464152474F000000000000000000,rweLLZYZhKdnVPTFSaUFhGUNTbGkWMx6SJ,22,22,6,6,9.428571428571429,0.2727272727272727,6,1.0,16
305,LJPY,4C4A505900000000000000000000000000000000,rnyGDFEqnNwpyzievKCMhHUi4xs6HnUqPA,22,19,6,6,9.12,0.3157894736842105,3,0.5,18
306,LGBP,4C47425000000000000000000000000000000000,rfL4Sci2ag5hhkpDuqtWYov6j3mshVWLgU,20,18,6,6,9.0,0.3333333333333333,4,0.6666666666666666,18
307,SNX,SNX,rUhkGuauku4yw2tAPGZCV7atBSRXkgZ6pV,14,9,6,6,7.2,0.6666666666666666,1,0.16666666666666666,7
308,gei,gei,raadqNCqPHhqpb5HEMBjbfFa21YYu9GWfW,4757,4754,5,5,9.989493591090564,0.001051745898190997,2,0.4,2567
309,BGAL,4247414C00000000000000000000000000000000,rHSXedtYY9iEyD7H61qhGbCovamRFtYcBm,1271,1270,5,5,9.96078431372549,0.003937007874015748,4,0.8,854
310,LAWAS,4C41574153000000000000000000000000000000,rfAWYnEAkQGAhbESWAMdNccWJvdcrgugMC,790,786,5,5,9.936788874841973,0.006361323155216285,1,0.2,556
311,MONAD,4D4F4E4144000000000000000000000000000000,rHg4Jez695kHSPb6y3Mvg6Qz1Y4N3hVXeu,705,705,5,5,9.929577464788732,0.0070921985815602835,5,1.0,546
312,OLX,OLX,rswiX7wDL25Go4wGdLJK1ssSMpUsRGosJR,588,587,5,5,9.91554054054054,0.008517887563884156,4,0.8,442
313,WRB,WRB,rUQfyEhd5QGXfmR2oxQnNyHTxqxstxZBmC,416,413,5,5,9.880382775119617,0.012106537530266344,2,0.4,303
314,JEW,JEW,rQrsR2cuXex1JUDjgPHn9xtAo5F9rzeZqG,359,357,5,5,9.861878453038674,0.014005602240896359,3,0.6,212
315,0hehe,3068656865000000000000000000000000000000,rLTzZYx5vu8uTqs9MdEWjQRc6ehbTvJ36y,326,325,5,5,9.848484848484848,0.015384615384615385,4,0.8,243
316,PFN,PFN,rDvf8CMP2GdvzPey2YNtGL45NhSMFJ7bwY,207,206,5,5,9.763033175355451,0.024271844660194174,4,0.8,144
317,BMT,BMT,rE8dJChTgdF4GD84z8Ah5NoNbVvMTqRMLk,200,197,5,5,9.752475247524753,0.025380710659898477,2,0.4,166
318,nuked,6E756B6564000000000000000000000000000000,rfM8omKYuv2Cwq4d7dja4h8yG59P7bqfja,194,194,5,5,9.748743718592964,0.02577319587628866,5,1.0,150
319,XRPTATO,5852505441544F00000000000000000000000000,rBZp86Lskn4c9uZRqvTNwT2haxc3SWLspd,189,185,5,5,9.736842105263158,0.02702702702702703,1,0.2,129
320,Fava,4661766100000000000000000000000000000000,r98BsS426JNqgPeuCqEmUModdSC2RVWSK3,187,185,5,5,9.736842105263158,0.02702702702702703,3,0.6,138
321,CRWN,4352574E00000000000000000000000000000000,r99LZRNxxss7eSJqKTSEvp1Xd48JGh5Vp5,173,171,5,5,9.715909090909092,0.029239766081871343,3,0.6,106
322,test,7465737400000000000000000000000000000000,rsGaFuU4Kdk5ZsaLFDMGwKfbTX8hUiKxMi,158,158,5,5,9.693251533742332,0.03164556962025317,5,1.0,105
323,DEALS,4445414C53000000000000000000000000000000,rfnKKs998kvuVvJSW4jZ1MDxMSiCjhs9su,148,144,5,5,9.664429530201343,0.034722222222222224,1,0.2,85
324,Phoenix,50686F656E697800000000000000000000000000,rJtP88j34R7c4czvVc2yzQmfdxHaCZNfii,142,139,5,5,9.652777777777779,0.03597122302158273,2,0.4,117
325,XRG,XRG,r3yW6SkxULrbtaGT4EQTtKc8XkvoFBkPBi,140,137,5,5,9.647887323943662,0.0364963503649635,2,0.4,128
326,FLAT,464C415400000000000000000000000000000000,rKve4JXWsmWUkChQiJVfR8ZnaQ6Mqo7uHH,124,124,5,5,9.612403100775193,0.04032258064516129,5,1.0,82
327,XQK,XQK,rHKrPGdpaqNRqRvmsiqQhD6azqc4npWoLC,121,117,5,5,9.59016393442623,0.042735042735042736,1,0.2,101
328,LUTHER,4C55544845520000000000000000000000000000,rPBWcjbyqcrGxpUe4awobqMmB2WaeUhuFb,116,116,5,5,9.586776859504132,0.04310344827586207,5,1.0,97
329,Gopnik,476F706E696B0000000000000000000000000000,rMDuA5zr2Ztsa8FFeaJriT7DLR1cnqnq7,100,96,5,5,9.504950495049505,0.052083333333333336,1,0.2,79
330,Aramco XRP,4172616D636F2058525000000000000000000000,rARamcoH7GV7Uu2AYhqrikgnQxXyJueiZ,36,5,32,5,8.64864864864865,0.15625,1,0.2,4
331,RISE,5249534500000000000000000000000000000000,rLk9bGvjTS6bMhvvfw5dFWPKFdyFErYenk,19,17,5,5,7.7272727272727275,0.29411764705882354,3,0.6,9
332,STARX,5354415258000000000000000000000000000000,rUsp7mA8ZV6wLdTt698hUUpuueTGPrw1JT,18,16,5,5,7.619047619047619,0.3125,3,0.6,6
333,WisdomTree ETF,576973646F6D5472656520455446000000000000,rWsDMJEFTFnzHh2QaQEgYzcAiDJ1dq2Ea,14,5,12,5,7.0588235294117645,0.4166666666666667,3,0.6,5
334,AAX,AAX,r3vygC9kK2fhL9BozfVwrbTqLQ3joCJxoA,11,7,5,5,5.833333333333333,0.7142857142857143,1,0.2,7
335,AVATARD,4156415441524400000000000000000000000000,rnGfKKGFKhVy1tbjp5oumZihWoN6UsrHvB,22535,22534,4,4,7.998580175703257,0.00017750954113783616,3,0.75,7957
336,ASTROO,415354524F4F0000000000000000000000000000,r4cxyrus3B45bebhJyCmrFTpGRFXMMjM1Y,673,671,4,4,7.952592592592593,0.005961251862891207,2,0.5,427
337,XMAS,584D415300000000000000000000000000000000,rarwGN1GiDS5rsLxcVPiy2xb8DjzJm6Egd,515,515,4,4,7.938342967244702,0.007766990291262136,4,1.0,290
338,WEB3,5745423300000000000000000000000000000000,r33Rw1DgD9qCjKjY8KTbzHayxSCFBTRmBy,512,510,4,4,7.937743190661479,0.00784313725490196,2,0.5,404
339,LADP,4C41445000000000000000000000000000000000,rPnMFmhsM6oXECzTwfo8sWbah128KgHj5u,426,426,4,4,7.925581395348837,0.009389671361502348,4,1.0,275
340,CMT,CMT,rMvFx49AHMyMnqNXhauXade7r3yWSoByid,419,418,4,4,7.924170616113744,0.009569377990430622,3,0.75,193
341,PLATYPUS,504C415459505553000000000000000000000000,r9oHTYujRHB5SiCiPa3d2pEd4ckBFUmadk,350,348,4,4,7.909090909090909,0.011494252873563218,2,0.5,243
342,PENGUINS,50454E4755494E53000000000000000000000000,rXvYVkL5G4iVL9qKcGJWZ4dPTWrgZJDCa,289,288,4,4,7.890410958904109,0.013888888888888888,3,0.75,220
343,PBM,PBM,rURxaGdf9PpkYeU6ZXe7PuENVuBKk2iAV4,261,259,4,4,7.8783269961977185,0.015444015444015444,2,0.5,154
344,XDNA,58444E4100000000000000000000000000000000,rMKUCQ5G3YJHVJ7pEDncew2WCJpJUGuWC6,198,197,4,4,7.840796019900497,0.02030456852791878,3,0.75,167
345,RIZZLE,52495A5A4C450000000000000000000000000000,rE99nDT3riuM9VjMQkVstMqRGBsnUHw6vm,167,167,4,4,7.812865497076023,0.023952095808383235,4,1.0,101
346,LCTW,4C43545700000000000000000000000000000000,rnMTwNqs645dFgMwJAjoQ9E9E8agGLbhxU,150,150,4,4,7.792207792207792,0.02666666666666667,4,1.0,96
347,GEO,GEO,rncENWSWi14Sg6MtTsPPfTnibVdEYThNHC,145,143,4,4,7.782312925170068,0.027972027972027972,2,0.5,114
348,4urka,3475726B61000000000000000000000000000000,rNJ3zcSUoTCrD7FtR97W5XREBR9h8NuTuT,110,109,4,4,7.716814159292035,0.03669724770642202,3,0.75,73
349,BTC,BTC,r39mx8HT42TVUsF25AffcaLdMPehdactJf,98,96,4,4,7.68,0.041666666666666664,2,0.5,65
350,tst,tst,randg2h6bTkRuvtTAYDDfCsgJWMDn7N2fU,92,90,4,4,7.659574468085107,0.044444444444444446,2,0.5,54
351,MATRIX,4D41545249580000000000000000000000000000,r9UXugA61bjeH1W3sbquJVuB4PcgirDR3r,83,81,4,4,7.623529411764705,0.04938271604938271,2,0.5,45
352,GL!TCH,474C215443480000000000000000000000000000,rUGEJrUAVJGwbvBDtGSKRTs7zUqRgPsPQT,81,78,4,4,7.609756097560975,0.05128205128205128,1,0.25,67
353,motocamel,6D6F746F63616D656C0000000000000000000000,r9q3WSnKfZ1EnJjYaZXV2BWrPAz1RcrUnh,43,41,4,4,7.288888888888889,0.0975609756097561,2,0.5,36
354,LEDG,4C45444700000000000000000000000000000000,rPvKPe13jyCyVWyzGhA8obji4E57JUM3qK,36,35,4,4,7.17948717948718,0.11428571428571428,3,0.75,32
355,CR7,CR7,rsUsKLxVo4JYPc7MZV8ZpaZ45tznJQsApC,29,25,4,4,6.896551724137931,0.16,0,0.0,16
356,X402,5834303200000000000000000000000000000000,rUCs3p2yuBQnTA1weH4TfA3NhBUxMhRSdT,20,19,4,4,6.608695652173913,0.21052631578947367,3,0.75,13
357,GRASS,4752415353000000000000000000000000000000,rwcxBs3Y9k7f8vrHYQ87epZL3Ye3u2k4Dd,17,14,4,4,6.222222222222222,0.2857142857142857,1,0.25,12
358,XRGary,5852476172790000000000000000000000000000,rCE2rxDDZtM7qkHAxorjkfLiHX71HtqTY,14,12,4,4,6.0,0.3333333333333333,2,0.5,12
359,LIDR,4C49445200000000000000000000000000000000,rnGvMu8P6evJEYY4cPyzcy4N1m5gcYRjaH,10,7,4,4,5.090909090909091,0.5714285714285714,1,0.25,7
360,TURTLE,545552544C450000000000000000000000000000,r4un9YyAD1WRKwVHqZwND7grvZLRt3GHS3,41658,41658,3,3,5.9995679412400085,7.201497911565606e-05,3,1.0,14587
361,NPS,NPS,rMGGhcxk1cH8tRCF5cLbXCTFmUwSNYYM2G,17063,17061,3,3,5.998945147679325,0.00017583963425356076,1,0.3333333333333333,6495
362,IDGAS,4944474153000000000000000000000000000000,r36VChSzV5TBNoVoaUJbFWSor3YtNSmEvk,6504,6502,3,3,5.997232897770945,0.00046139649338665026,1,0.3333333333333333,3220
363,TXT,TXT,rTExTnvBr4Y315ZQDUdmeTitu7iPVqYPg,4415,4412,3,3,5.995922989807474,0.0006799637352674524,0,0.0,4349
364,FART,4641525400000000000000000000000000000000,rB9DxbhHgsKWuwEqDtA86UHmNefSysDsAH,3224,3223,3,3,5.994420334779913,0.000930809804529941,2,0.6666666666666666,2366
365,$FLIPPY,24464C4950505900000000000000000000000000,rsENFmELvj92orrCKTkDTug53MzwsB7zBd,2357,2356,3,3,5.992369648155998,0.0012733446519524619,2,0.6666666666666666,1408
366,Tabby,5461626279000000000000000000000000000000,rsU4M9r6MZ6nhZZvFSiK8uWfq4hfz8188t,1695,1695,3,3,5.989399293286219,0.0017699115044247787,3,1.0,1662
367,XDC,XDC,rL2mB7aK22Fdzvx7Hp277cJcvPNC2V3QeF,1061,1060,3,3,5.983066792097836,0.002830188679245283,2,0.6666666666666666,878
368,America,416D657269636100000000000000000000000000,rpVajoWTXFkKWY7gtWSwcpEcpLDUjtktCA,1057,1056,3,3,5.98300283286119,0.002840909090909091,2,0.6666666666666666,880
369,ETH,ETH,rN1F5Nn1aJYTu2FWJk33QfQX3a82VXCcdE,863,863,3,3,5.979214780600462,0.0034762456546929316,3,1.0,694
370,ZERPS,5A45525053000000000000000000000000000000,rJztCAZEQvKcMSQTpKUZRJJjA11aUTk9Aw,858,858,3,3,5.979094076655052,0.0034965034965034965,3,1.0,420
371,DTCC,4454434300000000000000000000000000000000,rpCPwm3V7dGfgQgB8JczNTc9fc9MHiMoHH,641,640,3,3,5.9720062208398135,0.0046875,2,0.6666666666666666,426
372,Fava,4661766100000000000000000000000000000000,raDE5R2YRLfWsQub8uxWertjpBigRMNVWx,395,395,3,3,5.954773869346734,0.007594936708860759,3,1.0,239
373,FLRMEME,464C524D454D4500000000000000000000000000,rLhS9TiGNaKKK9DZJb9rjSdFpK746EeduZ,370,370,3,3,5.951742627345845,0.008108108108108109,3,1.0,300
374,QNT,QNT,rDV9GajQDqSNSYK4g4zFFyYRrSS8AaMphE,351,350,3,3,5.949008498583569,0.008571428571428572,2,0.6666666666666666,286
375,XPT,XPT,rUwksLV3f88in5Do2ZwrEkdQ4oqZSgAa1P,333,332,3,3,5.946268656716418,0.009036144578313253,2,0.6666666666666666,235
376,ETF,ETF,rQpkN55ZfMsJPFtK7yXnNXjpbgyPT1V8e2,318,316,3,3,5.943573667711599,0.00949367088607595,1,0.3333333333333333,227
377,DNC,DNC,rUG5xXNYNTPFy3Sme9iB8DrzSf7HsVampC,266,265,3,3,5.932835820895522,0.011320754716981131,2,0.6666666666666666,183
378,HBAR,4842415200000000000000000000000000000000,rBWPqhs7YZdUN2CJcZPQTv4qAvqts3nkBw,243,243,3,3,5.926829268292683,0.012345679012345678,3,1.0,147
379,ELS,ELS,rHXuEaRYnnJHbDeuBH5w8yPh5uwNVh5zAg,203,201,3,3,5.911764705882353,0.014925373134328358,1,0.3333333333333333,178
380,RIPBULL,52495042554C4C00000000000000000000000000,r34b3iPZtntF7oMdbh8AU3MknYFshkfgh8,185,185,3,3,5.904255319148936,0.016216216216216217,3,1.0,117
381,Calorie,43616C6F72696500000000000000000000000000,rNqGa93B8ewQP9mUwpwqA19SApbf62U7PY,185,185,3,3,5.904255319148936,0.016216216216216217,3,1.0,147
382,Luthia,4C75746869610000000000000000000000000000,rsfSg3uLy9zgY3HwaFgQHhhsyRsm9DVhq7,141,141,3,3,5.875,0.02127659574468085,3,1.0,93
383,BYOB,42594F4200000000000000000000000000000000,rnggHaSjuQMtuseJrdgwcb4cTbSJXKFnmR,138,138,3,3,5.872340425531915,0.021739130434782608,3,1.0,61
384,xr77,7872373700000000000000000000000000000000,rcLASSiCq8LWcymCHaCgK19QMEvUspuRM,130,129,3,3,5.863636363636363,0.023255813953488372,2,0.6666666666666666,114
385,SNOW,534E4F5700000000000000000000000000000000,rKzYDVrJrwDtpWVoAba1k2eQCmzuCUAJyh,124,123,3,3,5.857142857142857,0.024390243902439025,2,0.6666666666666666,84
386,PHNX,50484E5800000000000000000000000000000000,rKpX8Mo1HJmiAFjq7offhAdFg1XgtyfsZZ,121,120,3,3,5.853658536585366,0.025,2,0.6666666666666666,79
387,Jocker,4A6F636B65720000000000000000000000000000,r4nV5UduFrjTX13kfqX8HVxaCVeDNEn26A,119,116,3,3,5.848739495798319,0.02586206896551724,0,0.0,96
388,XMETA,584D455441000000000000000000000000000000,r3XwJ1hr1PtbRvbhuUkybV6tmYzzA11WcB,106,106,3,3,5.834862385321101,0.02830188679245283,3,1.0,75
389,XVR,XVR,rRCA6gnPkvpKmWwfcYxHQ845gFQ5ThYQe,92,90,3,3,5.806451612903226,0.03333333333333333,1,0.3333333333333333,88
390,BAYNANA,4241594E414E4100000000000000000000000000,rJ9uU9jKxNcsNQM2CLKUhPxNn8P4xmhDVq,71,71,3,3,5.756756756756757,0.04225352112676056,3,1.0,56
391,XRPLTGT,5852504C54475400000000000000000000000000,rspdZ6yA1VKPcA2fJxKeWUfmcrqRrF9CJ9,64,62,3,3,5.723076923076923,0.04838709677419355,1,0.3333333333333333,51
392,XRSHIB,5852534849420000000000000000000000000000,rN3EeRSxh9tLHAUDmL7Chh3vYYoUafAyyM,59,56,3,3,5.694915254237288,0.05357142857142857,0,0.0,50
393,MagSZN,4D6167535A4E0000000000000000000000000000,rMjZejwcfTAnAujxiWhJLCfQpQBc4AXbiN,56,55,3,3,5.689655172413793,0.05454545454545454,2,0.6666666666666666,49
394,FSRA,4653524100000000000000000000000000000000,raDGMXwuYurkcpj7uiwZEKs47jb5DFVuQb,33,3,31,3,5.470588235294118,0.0967741935483871,1,0.3333333333333333,3
395,JETS,4A45545300000000000000000000000000000000,rHz5qqAo57UnEsrMtw5croE4WnK3Z3J52e,33,30,3,3,5.454545454545454,0.1,0,0.0,29
396,WHITE,5748495445000000000000000000000000000000,rwhiTEoBfXEfXT3VeXomX6b4k4Jn85Pt75,27,26,3,3,5.379310344827586,0.11538461538461539,2,0.6666666666666666,20
397,and,and,rs5zZN42NGy9VdEMuTgU6NVPqpBZQRZ2bv,26,26,3,3,5.379310344827586,0.11538461538461539,3,1.0,14
398,LRUB,4C52554200000000000000000000000000000000,rnyGDFEqnNwpyzievKCMhHUi4xs6HnUqPA,26,23,3,3,5.3076923076923075,0.13043478260869565,0,0.0,23
399,XGOLD,58474F4C44000000000000000000000000000000,r4XSSBVGENvgUrZFijX8xvsJtp9Mi2UPz9,23,22,3,3,5.28,0.13636363636363635,2,0.6666666666666666,18
400,MoonP,4D6F6F6E50000000000000000000000000000000,rL4h9FzoXZDgnAnX8wPkUJNGwF88J8hUMF,19,19,3,3,5.181818181818182,0.15789473684210525,3,1.0,13
401,BENDO,42454E444F000000000000000000000000000000,rLvdQ9NnFjGFKRLNQLvzPFBPpiUumZApV,16,16,3,3,5.052631578947368,0.1875,3,1.0,6
402,SBI Holdings,53424920486F6C64696E67730000000000000000,rsBi159BFNVqf6BPg8HAHS9tYFGxfdSexp,15,12,3,3,4.8,0.25,0,0.0,12
403,BIENO,4249454E4F000000000000000000000000000000,rUQ4V2Yvair5W66tyrMiTk1EjtXJV4nLrd,12,12,3,3,4.8,0.25,3,1.0,4
404,MMC,MMC,rMMC9i5VtXZaaFFVwTmhS9KtRkZ7RbfmQj,11,8,3,3,4.363636363636363,0.375,0,0.0,8
405,OCW,OCW,rK9DrarGKnVEo2nYp5MfVRXRYf5yRX3mwD,8,3,8,3,4.363636363636363,0.375,3,1.0,3
406,XBLADE,58424C4144450000000000000000000000000000,rfVTbKsRgyurPddRiWaReuiK9Tvms8XGj1,9,7,3,3,4.2,0.42857142857142855,1,0.3333333333333333,7
407,XRBear,5852426561720000000000000000000000000000,rKxqkAbT2BQUbtnknSAJon7kX89gUKpZu3,8,6,3,3,4.0,0.5,1,0.3333333333333333,5
408,American Express,416D65726963616E204578707265737300000000,rAMeXPkLbmKCacRvj4R4w7Y5Byb4k8Qjh,8,3,6,3,4.0,0.5,1,0.3333333333333333,3
409,POP,POP,rDQvdRdJCfRGraBygUbV1JsMCHBmRdsdNV,7,5,3,3,3.75,0.6,1,0.3333333333333333,5
410,LPHP,4C50485000000000000000000000000000000000,rnyGDFEqnNwpyzievKCMhHUi4xs6HnUqPA,6,3,3,3,3.0,1.0,0,0.0,3
411,Teucrium ETF,546575637269756D204554460000000000000000,rTEuCzNTMAMLJmz8SA2on6jpjQ89EWkiU,5,3,3,3,3.0,1.0,1,0.3333333333333333,3
412,XRPBR,5852504252000000000000000000000000000000,rfnMuYiECGMAHUkZdDw5K1c7gVdoiqkmJC,82984,82983,2,2,3.9999035970356087,2.410132195750937e-05,1,0.5,62228
413,HAIC,4841494300000000000000000000000000000000,rsEXqMHTKDfGzncfJ25XtB9ZY8jayTv7N3,21042,21040,2,2,3.9996198080030414,9.505703422053231e-05,0,0.0,13724
414,$BWTZ,244257545A000000000000000000000000000000,rrpQUEKXBBtRtxFNCGev1PTJ8FQn51GMHS,6290,6288,2,2,3.9987281399046104,0.0003180661577608143,0,0.0,6218
415,XRPanther,585250616E746865720000000000000000000000,rPYHR4YsVjtm93Kqmk6WkfSPXJq9UfdjsY,4387,4387,2,2,3.9981772613351563,0.00045589240939138365,2,1.0,343
416,ANON,414E4F4E00000000000000000000000000000000,rPqwWemVGUx92bnu8UxnqzU1ovgxtXMKJ5,1647,1645,2,2,3.995142683667274,0.0012158054711246201,0,0.0,1345
417,PARROT,504152524F540000000000000000000000000000,rwN1Fmfjr3LfLyDRUHLEdJVvRLYqpCZQZh,964,964,2,2,3.991718426501035,0.002074688796680498,2,1.0,593
418,CTAPP,4354415050000000000000000000000000000000,rE6xrMvAbwQBrvppjRXC5d6riNjSquTJvU,887,887,2,2,3.9910011248593924,0.002254791431792559,2,1.0,570
419,HONEY,484F4E4559000000000000000000000000000000,rNa4hZ4kfPwEdN5gSbbNr33aSpyF5ZjzDm,744,743,2,2,3.989261744966443,0.0026917900403768506,1,0.5,731
420,XRPNOMICS,5852504E4F4D4943530000000000000000000000,r38o5rKYgTUg5Dgu2pDsC1xkroMbpivGJj,608,608,2,2,3.9868852459016395,0.003289473684210526,2,1.0,477
421,GMD,GMD,rG7f7UMoqTRaFXGhWmZyjzwoRqxwf2GpGB,481,481,2,2,3.9834368530020705,0.004158004158004158,2,1.0,302
422,CHESHIRE,4348455348495245000000000000000000000000,r4T9i1CQddv7T9J3gajopuympTG9om1A7g,432,432,2,2,3.9815668202764978,0.004629629629629629,2,1.0,312
423,CRYPTO,43525950544F0000000000000000000000000000,rRbiKwcueo6MchUpMFDce9XpDwHhRLPFo,418,417,2,2,3.98090692124105,0.004796163069544364,1,0.5,306
424,Noel,4E6F656C00000000000000000000000000000000,rsZJv3zQYgpaW34Ldb67xSPSygEJ2R3xUm,394,394,2,2,3.9797979797979797,0.005076142131979695,2,1.0,261
425,SPLASH,53504C4153480000000000000000000000000000,rwfGtVZKpPX6vb51xE5RGTgXkQ4W9wSUrz,344,342,2,2,3.9767441860465116,0.005847953216374269,0,0.0,232
426,PENG,50454E4700000000000000000000000000000000,rJnynjAoHq7X454qX64VtXijLNYdeFVvqn,259,259,2,2,3.9693486590038316,0.007722007722007722,2,1.0,177
427,FLAME,464C414D45000000000000000000000000000000,rp5CUgVjAhuthJs8LdjTXFdNWJzfQqc3p2,258,258,2,2,3.9692307692307693,0.007751937984496124,2,1.0,179
428,TROJAN,54524F4A414E0000000000000000000000000000,rs83ntGE5FMRcKXKWf1jBFaUd3BWnouRgo,211,211,2,2,3.9624413145539905,0.009478672985781991,2,1.0,151
429,XLM,XLM,r44CR5cYKVyzuJpFUtF2ZRDizVZpvtkc4C,186,185,2,2,3.9572192513368982,0.010810810810810811,1,0.5,146
430,KCUP,4B43555000000000000000000000000000000000,r4HP7fQs5oKiSjj6bqMNfA216XydfCCZgi,171,170,2,2,3.953488372093023,0.011764705882352941,1,0.5,138
431,COMMANDO,434F4D4D414E444F000000000000000000000000,rPFueMgp1EkQhgFK5DyfTckEYFxTHGfRYT,164,163,2,2,3.9515151515151516,0.012269938650306749,1,0.5,122
432,BULL,42554C4C00000000000000000000000000000000,rwP8wi7NJp5xpABE5Dd5jT8xjQyDbYgbmb,161,161,2,2,3.950920245398773,0.012422360248447204,2,1.0,78
433,FIFTY,4649465459000000000000000000000000000000,rBApS5zgExoZd4W8njBqWSji7g7vrpDekn,152,152,2,2,3.948051948051948,0.013157894736842105,2,1.0,119
434,VWA,VWA,rHQjGHnmnq22stNuko7bhpgazmMvwuXwpZ,148,148,2,2,3.9466666666666668,0.013513513513513514,2,1.0,133
435,TXRPL,545852504C000000000000000000000000000000,rhGFAGHm996WLGYb9QRqx1rJhJTvBvChkU,144,144,2,2,3.9452054794520546,0.013888888888888888,2,1.0,106
436,GDUDE,4744554445000000000000000000000000000000,rKAeZjD8vkP864ioufeSoU7myDsscPByRV,143,142,2,2,3.9444444444444446,0.014084507042253521,1,0.5,80
437,xSTIK,785354494B000000000000000000000000000000,rJNV9i4Q6zvRhpE2zjxgkvff3eGHQohZht,142,141,2,2,3.944055944055944,0.014184397163120567,1,0.5,119
438,Prince,5072696E63650000000000000000000000000000,rKhaUHzBa78cPa44FL1GTvMLEZ1CkuB7WB,138,138,2,2,3.942857142857143,0.014492753623188406,2,1.0,116
439,BEAR,4245415200000000000000000000000000000000,rsveNfm4bdjBE8swswFP3Mrx2LhNxcWz4M,131,130,2,2,3.9393939393939394,0.015384615384615385,1,0.5,94
440,FLIPPRX,464C495050525800000000000000000000000000,rHAjURZLkFqEo35pdKhkToErE25hrqsn4R,130,130,2,2,3.9393939393939394,0.015384615384615385,2,1.0,115
441,Xmetaco,586D657461636F00000000000000000000000000,r3RTpUhBoN8n7nr9Lv8nTm1H3mQhKagrRF,122,122,2,2,3.935483870967742,0.01639344262295082,2,1.0,81
442,CASTLE,434153544C450000000000000000000000000000,rLsyqreJ4LLz2PaB3C62DLnoQQDmKauPur,121,121,2,2,3.934959349593496,0.01652892561983471,2,1.0,100
443,LAX,LAX,rHdeipmTYqdkH5fDFjD8if5WohP6VfQu9F,116,116,2,2,3.9322033898305087,0.017241379310344827,2,1.0,94
444,Factora,466163746F726100000000000000000000000000,rLvvgXHiL7weCDJr3uxaqnjc8aZuf4JNAV,114,114,2,2,3.9310344827586206,0.017543859649122806,2,1.0,107
445,JUST1,4A55535431000000000000000000000000000000,rNA9GrVUYJz7XPudUVdEkMSJ15XCWhBh81,114,113,2,2,3.9304347826086956,0.017699115044247787,1,0.5,78
446,TTHC,5454484300000000000000000000000000000000,rMeJK6L5H1LzG5s91N7zU5xLU6bxU6tncx,93,93,2,2,3.9157894736842107,0.021505376344086023,2,1.0,60
447,MILADY,4D494C4144590000000000000000000000000000,rhPSguKUfFLjELmXxctobqpz4NgPneBXvS,89,88,2,2,3.911111111111111,0.022727272727272728,1,0.5,70
448,BOB,BOB,rpTu65KU96VNsaKUDeH6mLKnGZQbL7ekdV,87,86,2,2,3.909090909090909,0.023255813953488372,1,0.5,42
449,GRUG,4752554700000000000000000000000000000000,rh25S5uQCm2HycZsjiMmU9pLK5kJvsdvNU,79,77,2,2,3.8987341772151898,0.025974025974025976,0,0.0,71
450,AIDAO,414944414F000000000000000000000000000000,raidAoSsjn7J4moHXN313aaiftuqP4Krmn,71,71,2,2,3.8904109589041096,0.028169014084507043,2,1.0,58
451,CODIUS,434F444955530000000000000000000000000000,r4zXT1VJ97qmCEDkDBhbRgLDB53cyxkTm3,61,61,2,2,3.873015873015873,0.03278688524590164,2,1.0,36
452,MXGA,4D58474100000000000000000000000000000000,ryaxpFvmLJR4w6R3aGkJDXhr5hH6MXPDq,59,58,2,2,3.8666666666666667,0.034482758620689655,1,0.5,44
453,XTR,XTR,rafe4x2fTrgFXauqEfmyjHDmhFgqB1YYGv,58,57,2,2,3.864406779661017,0.03508771929824561,1,0.5,48
454,$CamelToe,2443616D656C546F650000000000000000000000,rM1BJWAQ3hfCStboh4wCXTnGyHqcAvJZy3,56,56,2,2,3.8620689655172415,0.03571428571428571,2,1.0,52
455,CallCentre,43616C6C43656E74726500000000000000000000,rpHry9uUAhG3SCfmjVgypMYkGr2XQZqH4z,53,53,2,2,3.8545454545454545,0.03773584905660377,2,1.0,51
456,GXRP,4758525000000000000000000000000000000000,rL2ptqKCSxCGa7sXvvUJsYg9nF9fdMANKJ,38,37,2,2,3.7948717948717947,0.05405405405405406,1,0.5,18
457,FML,FML,rw4tietmzbPG2G66UudSGaQ5uYztNow3gQ,38,36,2,2,3.789473684210526,0.05555555555555555,0,0.0,28
458,MB589,4D42353839000000000000000000000000000000,rLV1d3oPf6rg8wUZLYdGCzXoVWsAhz5TSX,36,36,2,2,3.789473684210526,0.05555555555555555,2,1.0,29
459,PHY,PHY,rUC2zeAzZQJdg4ePdB8snzkcEdLC5vwvbK,34,34,2,2,3.7777777777777777,0.058823529411764705,2,1.0,18
460,SMOKI,534D4F4B49000000000000000000000000000000,rpHyEYhaL9edeXWr7spsGUbo8n13ivzzty,29,28,2,2,3.7333333333333334,0.07142857142857142,1,0.5,24
461,OBEY,4F42455900000000000000000000000000000000,robeyK1nxGh6AKUSSXf3eqyigAWS6Frmw,29,27,2,2,3.7241379310344827,0.07407407407407407,0,0.0,27
462,MINER,4D494E4552000000000000000000000000000000,rfUKBRQaXKu5MALzxYWwCo7xo5VoP8RmV4,24,22,2,2,3.6666666666666665,0.09090909090909091,0,0.0,15
463,BREAD,4252454144000000000000000000000000000000,r98uTTiEqCmn1vQ8LRp3smxb8zMwnm6PgA,22,22,2,2,3.6666666666666665,0.09090909090909091,2,1.0,16
464,VENO,56454E4F00000000000000000000000000000000,rh2dU7N2BrqBPfb5S64km5Td2Kw6fSAKSd,21,20,2,2,3.6363636363636362,0.1,1,0.5,5
465,MASTERCARD,4D41535445524341524400000000000000000000,rMSTRkdJHrXHFCaxQmvisqzS42EPVpveGV,18,18,2,2,3.6,0.1111111111111111,2,1.0,15
466,AAX,AAX,r4xyzqvcJFk9Vghfvmp9dX1LUdesN43F5H,18,16,2,2,3.5555555555555554,0.125,0,0.0,15
467,Mellow,4D656C6C6F770000000000000000000000000000,rDtE1tM9N7L1UFy5QmoRXFju7jtnFLJ8cB,14,12,2,2,3.4285714285714284,0.16666666666666666,0,0.0,12
468,MINER,4D494E4552000000000000000000000000000000,rDGx9r9hS8FHxd7wjgLAtDnujKBiqq5vPv,14,12,2,2,3.4285714285714284,0.16666666666666666,0,0.0,11
469,AMAZON,414D415A4F4E0000000000000000000000000000,rAMAznjLiM9iCgPMFWRzyXKxcNhXkVPUG,12,11,2,2,3.3846153846153846,0.18181818181818182,1,0.5,9
470,rail,7261696C00000000000000000000000000000000,rAiLfDAQJx4dhy7qLusyEmkGCYKQhF7ch,10,2,9,2,3.272727272727273,0.2222222222222222,1,0.5,2
471,Yellow Card,59656C6C6F772043617264000000000000000000,rYLLwqspDpqoBuc5aHNCPtwmQKmD1ujRa,9,2,8,2,3.2,0.25,1,0.5,2
472,LOX,LOX,rLLJvh6bwj2eTYwzLL484AW6EyH4rdZqWZ,9,2,8,2,3.2,0.25,1,0.5,2
473,BULLP,42554C4C50000000000000000000000000000000,rsa7dQCGQSqGqmWcPbcquoGhMPjmHjeVdy,8,7,2,2,3.111111111111111,0.2857142857142857,1,0.5,4
474,NVIDIA,4E56494449410000000000000000000000000000,rNVD1h74hSfPMpFvLya8bkakGvM2x9JNBk,8,7,2,2,3.111111111111111,0.2857142857142857,1,0.5,7
475,BNB,BNB,rBNbPQjBCpMeGHdSXkZ41WfmASpqirYbSd,7,2,7,2,3.111111111111111,0.2857142857142857,2,1.0,2
476,LVND,4C564E4400000000000000000000000000000000,rnGvMu8P6evJEYY4cPyzcy4N1m5gcYRjaH,6,2,4,2,2.6666666666666665,0.5,0,0.0,2
477,Walmart,57616C6D61727400000000000000000000000000,rwLmRH7DZcdoic2irYM2AbXo9qmpnFBegG,4,2,3,2,2.4,0.6666666666666666,1,0.5,2
478,VISA,5649534100000000000000000000000000000000,rVisaYinszE2qPTi6sJ3PFBs4KSSXX2PD,4,2,3,2,2.4,0.6666666666666666,1,0.5,2
479,Palantir,50616C616E746972000000000000000000000000,rPLTrkdWoRN7tjuZVLdPaexTeGoYYXFPjk,3,2,3,2,2.4,0.6666666666666666,2,1.0,2
480,SHA,SHA,rMUwEBqqYWFWrgHktpkGEAERnJwLx9AFht,3,2,2,2,2.0,1.0,1,0.5,2
481,JPMorgan,4A504D6F7267616E000000000000000000000000,rJpmoRRhKYkQ5V9Cx9DRMQxBJtttYFdCQR,3,2,2,2,2.0,1.0,1,0.5,2
482,ARTIE,4152544945000000000000000000000000000000,rpsL7QrdhWhBFMpCEqYw8L3J35FH7NQJQ3,3,2,2,2,2.0,1.0,1,0.5,2
483,ARMY,41524D5900000000000000000000000000000000,r319FqohpKLwjtcV2mosyC5sy125fDk4uH,26738,26737,1,1,1.9999252000897598,3.740135392901223e-05,0,0.0,26676
484,IMM,IMM,rH1znLFaK7wtmDGRSu4WPEqHCuofuJHdHP,7857,7857,1,1,1.9997454823110206,0.00012727504136438844,1,1.0,4712
485,WIND,57494E4400000000000000000000000000000000,rnh3kiVFSBJxhwa7RJmmafQrqhyn9SKyCj,1866,1866,1,1,1.9989287627209427,0.0005359056806002144,1,1.0,973
486,XRPyro,58525079726F0000000000000000000000000000,rHqQ84DqPBbd5dRmhGAHrQ7eW3DCkbR9va,1682,1681,1,1,1.9988109393579072,0.000594883997620464,0,0.0,539
487,$100,2431303000000000000000000000000000000000,r3DpSSDVaLWr18pnf1tbTN3UPvfHTUoKVn,980,980,1,1,1.9979612640163098,0.0010204081632653062,1,1.0,501
488,BOX,BOX,rhLJ2ma5pScsxVhL5EQr71w3FgASVLwP84,867,867,1,1,1.9976958525345623,0.0011534025374855825,1,1.0,669
489,21S,21S,rhCkQCZrPfUN23ZceawYmwUR9vrmCiuXsf,762,762,1,1,1.9973787680209698,0.0013123359580052493,1,1.0,467
490,SEAGONS,534541474F4E5300000000000000000000000000,rLASSwhJhdwGsPA2JvUvdwqNKPfN1qspee,736,735,1,1,1.997282608695652,0.0013605442176870747,0,0.0,636
491,DIPIT,4449504954000000000000000000000000000000,rDEkx33sz3iusEeDTcWsQkdZtN6DWp16WM,733,733,1,1,1.997275204359673,0.001364256480218281,1,1.0,411
492,Xmen,586D656E00000000000000000000000000000000,rMFL2KuFPMuiujdbVGbMzNNjj5QKyd6dZf,717,717,1,1,1.9972144846796658,0.001394700139470014,1,1.0,483
493,PINGPONG,50494E47504F4E47000000000000000000000000,rHWmTucSM2HjcCLaZWSqTDexEcAqJMVvQD,579,579,1,1,1.9965517241379311,0.0017271157167530224,1,1.0,369
494,CRYPTOGRAPHER,43525950544F4752415048455200000000000000,rpBdZey1L7NbcbGbfChu1HdKW56R24M25L,538,538,1,1,1.9962894248608534,0.0018587360594795538,1,1.0,382
495,Npass,4E70617373000000000000000000000000000000,rsvRJTpNx3xDu6Udu8aoHvzuyAk5nxmJiF,537,537,1,1,1.996282527881041,0.00186219739292365,1,1.0,331
496,CaRRots,436152526F747300000000000000000000000000,rafgLy8LPU3mqMGCRbkJcaGWuDwoUCAuwQ,506,1,505,1,1.9960474308300395,0.0019801980198019802,0,0.0,1
497,OVO,OVO,r3jQzqfGVagsWNbSxMJpQV8VK7jHHmdv5j,501,500,1,1,1.996007984031936,0.002,0,0.0,326
498,AAG,AAG,rGrvEW7rmaLb7zoVTeLXHmjU8vp8P5CAAG,453,453,1,1,1.9955947136563876,0.002207505518763797,1,1.0,372
499,ALPHA,414C504841000000000000000000000000000000,rKQBiRRSy7mNuh9aVQXWVc1srgTQPKaNdS,430,430,1,1,1.9953596287703017,0.002325581395348837,1,1.0,350
500,589,589,r47648MxJvdjutgK7zAij1B2qsAQaEhisL,422,422,1,1,1.9952718676122931,0.002369668246445498,1,1.0,396
501,BANANA,42414E414E410000000000000000000000000000,rPopnAhPWZXiWApiPM5EHQ6ksLEhvGiLqP,419,419,1,1,1.9952380952380953,0.002386634844868735,1,1.0,300
502,BRICKY,425249434B590000000000000000000000000000,r3YS7og21UrYRCdhXmU6rzDcMWoDo4f7hm,418,418,1,1,1.9952267303102624,0.0023923444976076554,1,1.0,327
503,XRPB,5852504200000000000000000000000000000000,rsEaYfqdZKNbD3SK55xzcjPm3nDrMj4aUT,408,408,1,1,1.9951100244498778,0.0024509803921568627,1,1.0,325
504,Cowcoin,436F77636F696E00000000000000000000000000,rsUG72j1ABkLpqM5UHox9GL3tpAaNpE3a6,392,391,1,1,1.9948979591836735,0.0025575447570332483,0,0.0,289
505,$LYNX,244C594E58000000000000000000000000000000,rsr8BspVLwDWgrYamEJE3mqZhKozfWLfkv,374,374,1,1,1.9946666666666666,0.00267379679144385,1,1.0,291
506,MICKEY,4D49434B45590000000000000000000000000000,rwaVWwv2mqZqNkKFWgtjmizYYrajWoQa9v,373,373,1,1,1.9946524064171123,0.002680965147453083,1,1.0,262
507,RINAKO,52494E414B4F0000000000000000000000000000,rQHnm7uT8NHqnSEgkeJnmH2cwnEhNRPRnr,361,361,1,1,1.9944751381215469,0.002770083102493075,1,1.0,249
508,PUPPET,5055505045540000000000000000000000000000,rJfQFeHTZcnRsY4Ba5sJVKUhLs48E9apBn,270,270,1,1,1.992619926199262,0.003703703703703704,1,1.0,224
509,XRPLOL,5852504C4F4C0000000000000000000000000000,r92xXawYrakwW3UiVHP6XwsioMk6VNu2NB,268,268,1,1,1.9925650557620818,0.0037313432835820895,1,1.0,177
510,AUDD,4155444400000000000000000000000000000000,rUN5Zxt3K1AnMRJgEWywDJT8QDMMeLH5ok,239,239,1,1,1.9916666666666667,0.0041841004184100415,1,1.0,206
511,TRSRY,5452535259000000000000000000000000000000,rLBnhMjV6ifEHYeV4gaS6jPKerZhQddFxW,235,235,1,1,1.9915254237288136,0.00425531914893617,1,1.0,194
512,Hand,48616E6400000000000000000000000000000000,rssZy6J98oa9iYatGx5CcoTJPCnWTvL5Bg,231,231,1,1,1.9913793103448276,0.004329004329004329,1,1.0,185
513,DRGSLR,445247534C520000000000000000000000000000,rBRUGYxmu5Lr9L246JzybRoE7TaL9VznSh,224,224,1,1,1.991111111111111,0.004464285714285714,1,1.0,156
514,FUPE,4655504500000000000000000000000000000000,rwS6MMiqcxcpXGc7iUcJHP3FZ2mvTzMQ3f,220,220,1,1,1.990950226244344,0.004545454545454545,1,1.0,162
515,XJOY,584A4F5900000000000000000000000000000000,rJAvx8FtrLR3RyZyM1LyVQFxxsLdT1PmdS,207,207,1,1,1.9903846153846154,0.004830917874396135,1,1.0,140
516,when,7768656E00000000000000000000000000000000,rrshMrLGPpN1Vf1WdbAFHdvddpnZFiCPsi,195,195,1,1,1.989795918367347,0.005128205128205128,1,1.0,116
517,SeagullCoin,53656167756C6C436F696E000000000000000000,rnqiA8vuNriU9pqD1ZDGFH8ajQBL25Wkno,175,175,1,1,1.9886363636363635,0.005714285714285714,1,1.0,136
518,WRXRP,5752585250000000000000000000000000000000,rGFW2YqxdBFpkifpCCtTq8ncdvGH2gfyXT,173,173,1,1,1.9885057471264367,0.005780346820809248,1,1.0,120
519,NDA,NDA,rK2Y8ngt722t5F96UBG22aBjY5NB9ZkyFm,172,172,1,1,1.9884393063583814,0.005813953488372093,1,1.0,156
520,TRUMP,5452554D50000000000000000000000000000000,rLnErD8JXMxqBzGNaHaykssai1vpB6YRUX,142,141,1,1,1.9859154929577465,0.0070921985815602835,0,0.0,128
521,PWIF,5057494600000000000000000000000000000000,rG9Aun14t4dVPKh5dXwBzGPGEwaAgbG4sS,131,131,1,1,1.9848484848484849,0.007633587786259542,1,1.0,68
522,COCK,434F434B00000000000000000000000000000000,rH9uUMN2bCnc8D9cFzqpEzZKuyH4vx7R5M,131,131,1,1,1.9848484848484849,0.007633587786259542,1,1.0,94
523,SAYLOR,5341594C4F520000000000000000000000000000,rBDSHMBQXecdss5s1Pv9igpLkim6Mxh56f,130,130,1,1,1.984732824427481,0.007692307692307693,1,1.0,89
524,Spread,5370726561640000000000000000000000000000,rUvQ4qZbaAj15NB7X6DXSkNKYiqrBmzovN,126,126,1,1,1.984251968503937,0.007936507936507936,1,1.0,92
525,DOVE,444F564500000000000000000000000000000000,rEzJi93UySd71vfdmmmtVrNHf1XfQKupAp,117,117,1,1,1.9830508474576272,0.008547008547008548,1,1.0,62
526,RACO,5241434F00000000000000000000000000000000,rDFAGBUVoKR3TTTdVU6uoNBz1cdyknWen,117,1,116,1,1.982905982905983,0.008620689655172414,0,0.0,1
527,XRPNORTH,5852504E4F525448000000000000000000000000,razAxNGLjmXFf6zcTgNTjsKYAWMndEcAPy,116,115,1,1,1.9827586206896552,0.008695652173913044,0,0.0,94
528,FUL,FUL,rLczSAMxw6tH1n1k9vD1FEDhEKjsCsCwvv,111,111,1,1,1.9821428571428572,0.009009009009009009,1,1.0,90
529,PEIPEI,5045495045490000000000000000000000000000,r9RftFhd6P9MzWsNkayH1Hb8rPzY5GkaGE,111,110,1,1,1.981981981981982,0.00909090909090909,0,0.0,94
530,GZX,GZX,rNgsoCk6mjBq5jcqitBpg1gdfYhKajXsM2,110,110,1,1,1.981981981981982,0.00909090909090909,1,1.0,89
531,SOLRx,534F4C5278000000000000000000000000000000,rpb8xbS5M324wrRnpS3NRQLfC9aBkBhxWY,106,106,1,1,1.9813084112149533,0.009433962264150943,1,1.0,97
532,SIMBA,53494D4241000000000000000000000000000000,r3u5QAp3FTsvDwWRug27wU8pH9JY3wSME7,102,102,1,1,1.9805825242718447,0.00980392156862745,1,1.0,84
533,Dood,446F6F6400000000000000000000000000000000,rn5Y9N8APtrc7PVqXdMjkG9qvfw7FWi4kC,90,89,1,1,1.9777777777777779,0.011235955056179775,0,0.0,68
534,TGRLD01,5447524C44303100000000000000000000000000,rJjzg2j7eM75UZ5CpvQCAKoSSgjbikQ8pn,83,83,1,1,1.9761904761904763,0.012048192771084338,1,1.0,73
535,XWM,XWM,rJzBh2Sktnps8CoLVJeDjj3Y2aDzXhrAFL,82,82,1,1,1.9759036144578312,0.012195121951219513,1,1.0,61
536,Xolo,586F6C6F00000000000000000000000000000000,rLUzh4ctFPXF3TT1q9owYYtNixBoidy567,78,78,1,1,1.9746835443037976,0.01282051282051282,1,1.0,61
537,DSS,DSS,raRYbSozZ2Dq3CWSuziBMQFc2E69dF6pU2,78,77,1,1,1.9743589743589745,0.012987012987012988,0,0.0,48
538,PURK,5055524B00000000000000000000000000000000,r4wpQNdcDnr9qgWPHmUe4gVKdsUjGhdUgH,77,76,1,1,1.974025974025974,0.013157894736842105,0,0.0,54
539,Serpent,53657270656E7400000000000000000000000000,rRd4PRLPtvYT3KsVdfZBccLpS3Mk8Vo7E,65,64,1,1,1.9692307692307693,0.015625,0,0.0,49
540,xBANK,7842414E4B000000000000000000000000000000,rLpDQmJUpDxLXCjrwmm5rPehZyGA4GRFNZ,64,63,1,1,1.96875,0.015873015873015872,0,0.0,57
541,XPM,XPM,rHqQdviqwpdwfod7R2jAdjARZ1gY8EcFsV,63,63,1,1,1.96875,0.015873015873015872,1,1.0,47
542,FUZZIER,46555A5A49455200000000000000000000000000,rhPhdAYMHYrSYWCUnP7WFDaikzKkVUsbT7,61,61,1,1,1.967741935483871,0.01639344262295082,1,1.0,32
543,BREPE,4252455045000000000000000000000000000000,rUKpdh3X45Tjdtf7gdkrVWUs38tkXbhE9s,60,60,1,1,1.9672131147540983,0.016666666666666666,1,1.0,50
544,CORN,434F524E00000000000000000000000000000000,rBTjqSwQnbjCgFtHSjzDHRVArTdrmxpesK,57,56,1,1,1.9649122807017543,0.017857142857142856,0,0.0,36
545,BPN,BPN,rhuxQiL5na2RxLRmsLwbkUZ729btQaS9qZ,56,56,1,1,1.9649122807017543,0.017857142857142856,1,1.0,45
546,UBER,5542455200000000000000000000000000000000,rGM4nuvKvoqi4TfntuY74tm1bwFc6mEZmV,49,49,1,1,1.96,0.02040816326530612,1,1.0,31
547,RNTB,524E544200000000000000000000000000000000,rBxZbDRD7nsXjETqzEoqq54U5Yc5qaAv2X,49,49,1,1,1.96,0.02040816326530612,1,1.0,33
548,Securitize,53656375726974697A6500000000000000000000,r9Yvokr3mT1yeHgk3iNGhKPaEPXC35CbB5,49,49,1,1,1.96,0.02040816326530612,1,1.0,33
549,TTC,TTC,raiUvyDJ8nFWzPJ1T4thPupeGQBvtHTpGr,48,48,1,1,1.9591836734693877,0.020833333333333332,1,1.0,21
550,RIPPLE,524950504C450000000000000000000000000000,rMgrYs2XYgbGaLZ19HbUXfi9rpsaFQYwgc,46,46,1,1,1.9574468085106382,0.021739130434782608,1,1.0,35
551,cartoons,636172746F6F6E73000000000000000000000000,rDyRPQQH8ctrA1pRfAibYYqVWVfNCPbpLY,46,46,1,1,1.9574468085106382,0.021739130434782608,1,1.0,46
552,$FLR,24464C5200000000000000000000000000000000,rDnNiyQ71fWy9NPciRFarpuhvV6hQVAzJM,45,45,1,1,1.9565217391304348,0.022222222222222223,1,1.0,22
553,SXRP,5358525000000000000000000000000000000000,rMVCW1Cq7MX83N8N3X5gzZM6iTjTPRG6qa,45,44,1,1,1.9555555555555555,0.022727272727272728,0,0.0,34
554,KING,4B494E4700000000000000000000000000000000,rNsibHVgccpuez7iai5ZnQTqccyiLyQbuz,44,44,1,1,1.9555555555555555,0.022727272727272728,1,1.0,22
555,XRDC,5852444300000000000000000000000000000000,rcLASSiCq8LWcymCHaCgK19QMEvUspuRM,40,40,1,1,1.951219512195122,0.025,1,1.0,39
556,XRPNETWORK,5852504E4554574F524B00000000000000000000,rpHuNGmPp7rbmyYmiuU5rwqbht18pvin7G,40,40,1,1,1.951219512195122,0.025,1,1.0,35
557,LADY,4C41445900000000000000000000000000000000,rLJcNGuPC9GrKfaK3qU87Ai4BnsDd66mfS,39,39,1,1,1.95,0.02564102564102564,1,1.0,27
558,SNIPER,534E495045520000000000000000000000000000,rhVtUsVoSa6PxE7kwGbeXN9THCSzGv76QG,34,34,1,1,1.9428571428571428,0.029411764705882353,1,1.0,22
559,ZOO,ZOO,rLnBffKygdMw39ikvTpxFStUVFhiugRCMH,33,33,1,1,1.9411764705882353,0.030303030303030304,1,1.0,25
560,ADA,ADA,r38Tr3KPXvq9sEQ84jZ8XkjvmrQLuTMLQP,31,31,1,1,1.9375,0.03225806451612903,1,1.0,21
561,CHEETAH,4348454554414800000000000000000000000000,rhgcrbw8vMxiSRMnNCuJLdx7RXi9SsKUpd,30,30,1,1,1.935483870967742,0.03333333333333333,1,1.0,23
562,EXP,EXP,rKej9auh2hUjxQELhxmVQr9ddZXJGNivrx,30,29,1,1,1.9333333333333333,0.034482758620689655,0,0.0,27
563,Nuts,4E75747300000000000000000000000000000000,rBpdegD7kqHdczjKzTKNEUZj1Fg1eYZRbe,29,29,1,1,1.9333333333333333,0.034482758620689655,1,1.0,22
564,NICE,4E49434500000000000000000000000000000000,r96uXvCJxe3Yeeo9wCtJsLSpJiFUz2hvsB,29,29,1,1,1.9333333333333333,0.034482758620689655,1,1.0,27
565,XLM,XLM,rLZzuKj7Q8N9syvCvBanu85XNoSodwppa3,28,28,1,1,1.9310344827586208,0.03571428571428571,1,1.0,18
566,BullXRP,42756C6C58525000000000000000000000000000,rNag3xV3LiMZoYy1v17bUiRa1xvWRJCMgy,28,28,1,1,1.9310344827586208,0.03571428571428571,1,1.0,14
567,GOFUNDME,474F46554E444D45000000000000000000000000,rhPzhYmZfr9AGSvBdAYxsgBhC5WEqPM22M,25,25,1,1,1.9230769230769231,0.04,1,1.0,16
568,CALVIN,43414C56494E0000000000000000000000000000,rhQuMhhScGd3pviMRWx9ZtdP3RjMR5ZrGT,22,21,1,1,1.9090909090909092,0.047619047619047616,0,0.0,20
569,Riddler,526964646C657200000000000000000000000000,rNVMTogP91jDeT18nLVFfPT6eDqE6hwTBa,21,21,1,1,1.9090909090909092,0.047619047619047616,1,1.0,17
570,XRG,XRG,rB72JVaTCMABwi9NEfWmgeoBabD1xTsDjn,21,21,1,1,1.9090909090909092,0.047619047619047616,1,1.0,15
571,LCAD,4C43414400000000000000000000000000000000,rnGvMu8P6evJEYY4cPyzcy4N1m5gcYRjaH,20,20,1,1,1.9047619047619047,0.05,1,1.0,19
572,BBRL,4242524C00000000000000000000000000000000,rH5CJsqvNqZGxrMyGaqLEoMWRYcVTAPZMt,18,18,1,1,1.894736842105263,0.05555555555555555,1,1.0,16
573,HONZA,484F4E5A41000000000000000000000000000000,rnkgwfuDuyFBsv2KZLCyrUhDkG9nHRmtXY,16,16,1,1,1.8823529411764706,0.0625,1,1.0,6
574,FiveEightFiveToFiveO,46697665456967687446697665546F466976654F,rKyTBUT1gJwKwg1iw2WC7yC9d5sGNw8MC7,16,16,1,1,1.8823529411764706,0.0625,1,1.0,11
575,XFT,XFT,rnySn4BSFJ4H9JKWiSqNVVGHDTCgXA3PZM,15,15,1,1,1.875,0.06666666666666667,1,1.0,13
576,CAPY,4341505900000000000000000000000000000000,rBKQxVp8Gt6yTQpohFYk6qMoLbSdskeHAH,15,15,1,1,1.875,0.06666666666666667,1,1.0,9
577,HYENA,4859454E41000000000000000000000000000000,rMWsxSyZARVDABRPV9gff7fmqHxnWMnhrB,15,14,1,1,1.8666666666666667,0.07142857142857142,0,0.0,13
578,MPOOL,4D504F4F4C000000000000000000000000000000,rHVdu4tYkFyxJGmsaMZFSt5JB1zedQMi7Y,14,14,1,1,1.8666666666666667,0.07142857142857142,1,1.0,9
579,HOWL,484F574C00000000000000000000000000000000,r3q6udYwQqbkeLX9E4L28RnVRqsGz58z8z,14,14,1,1,1.8666666666666667,0.07142857142857142,1,1.0,6
580,CRRO,4352524F00000000000000000000000000000000,rf76TQJsX7wPZwB8s64P51Be11AidVkNdX,14,14,1,1,1.8666666666666667,0.07142857142857142,1,1.0,13
581,CoinDesk,436F696E4465736B000000000000000000000000,r3VSpEdfobF3TQAKi1w8aGmJbSQduwVriS,13,13,1,1,1.8571428571428572,0.07692307692307693,1,1.0,7
582,COPE,434F504500000000000000000000000000000000,rPLUfpGQtr75kCZxCK3fhPQyBue1GR8DuZ,12,12,1,1,1.8461538461538463,0.08333333333333333,1,1.0,8
583,SONI,534F4E4900000000000000000000000000000000,r4JYxWiRS4s5pWHkcwEWb4oLUFkQvrLEm6,11,11,1,1,1.8333333333333333,0.09090909090909091,1,1.0,4
584,XRPBANK,58525042414E4B00000000000000000000000000,r3ckE3rqzeMKsriJvRQTX4NJfJL7xHryyf,10,10,1,1,1.8181818181818181,0.1,1,1.0,8
585,RippleSwell,526970706C655377656C6C000000000000000000,raa9W4vykGYaaz6JAMXqdqtfJe4evQoQC7,10,10,1,1,1.8181818181818181,0.1,1,1.0,7
586,MLD,MLD,rhJYDuVMQxabTyiWuHQkQyDxr6uZEdpv5u,9,9,1,1,1.8,0.1111111111111111,1,1.0,9
587,LURA,4C55524100000000000000000000000000000000,rnpRYqc6jZ4Fi36JdjWouthAsu8cTQyNeA,9,9,1,1,1.8,0.1111111111111111,1,1.0,5
588,BRBR,4252425200000000000000000000000000000000,rGGrJaZZrj4SwgeqhcQ4W2LKv5TTe6yKvo,9,9,1,1,1.8,0.1111111111111111,1,1.0,5
589,CFC,CFC,rsxUkmjnAn8PRDz8RYrPusb9mTDYn5NqG8,9,9,1,1,1.8,0.1111111111111111,1,1.0,9
590,editions,65646974696F6E73000000000000000000000000,rfXwi3SqywQ2gSsvHgfdVsyZdTVM15BG7Z,9,9,1,1,1.8,0.1111111111111111,1,1.0,9
591,HUZZY,48555A5A59000000000000000000000000000000,rhNfaFUvjKGQEmUtqfYVmvJsnjaJBVW1s8,9,8,1,1,1.7777777777777777,0.125,0,0.0,4
592,GIVER,4749564552000000000000000000000000000000,rHqwsGhTiGE9P8g8so47zawX4SWVrVnwD,9,8,1,1,1.7777777777777777,0.125,0,0.0,4
593,LUAH,4C55414800000000000000000000000000000000,rnVFEE67uFP4vNKtb2fPZwCuJAek5tnPrz,8,8,1,1,1.7777777777777777,0.125,1,1.0,8
594,XLN,XLN,rJN7xXGUjgcz1j5MqsJhxUZkLPqFB4xpMr,7,6,1,1,1.7142857142857142,0.16666666666666666,0,0.0,4
595,GOTSTEAK,474F54535445414B000000000000000000000000,rpBzuYcCwD8VMBQbM8hb2NuJV2oLu9CD4d,6,6,1,1,1.7142857142857142,0.16666666666666666,1,1.0,6
596,CROWN,43524F574E000000000000000000000000000000,rNcqizvdrT1YRF19eLGUHQUyejNzkJKMBh,6,6,1,1,1.7142857142857142,0.16666666666666666,1,1.0,5
597,Nerian,4E657269616E0000000000000000000000000000,rGEekk1PRyozC1ZEZCXL7EZcko4rrrETGh,5,5,1,1,1.6666666666666667,0.2,1,1.0,3
598,REALMADRIDCF,5245414C4D414452494443460000000000000000,rJxJRV95iZ16Hjrj33g2i54YkYxAbZsSq8,5,5,1,1,1.6666666666666667,0.2,1,1.0,3
599,DeXrp,4465587270000000000000000000000000000000,rBMCUQ3TLLatmv2MMErQJKu1XBDWFeTcUQ,5,4,1,1,1.6,0.25,0,0.0,3
600,JPMorgan,4A504D6F7267616E000000000000000000000000,rJjpMoRApUQnh8KUDLo86CLor1q7XobwBK,4,4,1,1,1.6,0.25,1,1.0,4
601,LSVC,4C53564300000000000000000000000000000000,rnyGDFEqnNwpyzievKCMhHUi4xs6HnUqPA,4,4,1,1,1.6,0.25,1,1.0,4
602,MUTE,4D55544500000000000000000000000000000000,rrsiQuqYt3HbsA78rNLm6S5X6VecJ42Ee3,4,4,1,1,1.6,0.25,1,1.0,2
603,OVX,OVX,rDsvn6aJG4YMQdHnuJtP9NLrFp18JYTJUf,4,3,1,1,1.5,0.3333333333333333,0,0.0,3
604,MANTRA,4D414E5452410000000000000000000000000000,rMkfPQenZSBk17trr5uMvCWVFYNLEkfdjU,4,3,1,1,1.5,0.3333333333333333,0,0.0,3
605,XRMine,58524D696E650000000000000000000000000000,rfXMq3BMX2dTzJtG4pnhr49u6sHkVQXpWL,4,1,3,1,1.5,0.3333333333333333,0,0.0,1
606,Render,52656E6465720000000000000000000000000000,raxK5HweXohQoNnbqUDphYr6HyvTuTsmJi,3,3,1,1,1.5,0.3333333333333333,1,1.0,3
607,XMOON,584D4F4F4E000000000000000000000000000000,rs81KdCXpnZfih9TiFcvGKDTX6nXSkZmaJ,3,3,1,1,1.5,0.3333333333333333,1,1.0,1
608,COINBASE,434F494E42415345000000000000000000000000,rCoinzYTFiFMJ5qyPPXSieGYbLACw9tnM,3,3,1,1,1.5,0.3333333333333333,1,1.0,3
609,TITS,5449545300000000000000000000000000000000,radgNpShXUQ13G5h1VNZEYWXN8pXYDMQjg,3,3,1,1,1.5,0.3333333333333333,1,1.0,1
610,Hidden Road,48696464656E20526F6164000000000000000000,rHiDEfFp7Trn1WJkhMUkwJVKxeWxpEdhPy,3,1,3,1,1.5,0.3333333333333333,1,1.0,1
611,YAWAY,5941574159000000000000000000000000000000,rDivh3WTxm7cX2Dk6fByJndPG62z6yAWAY,3,2,1,1,1.3333333333333333,0.5,0,0.0,2
612,ATH,ATH,rr7GXFTucu3EYKprApnhin4pFDT6WdCRH,2,2,1,1,1.3333333333333333,0.5,1,1.0,2
613,PnutWifHat,506E757457696648617400000000000000000000,raG1aprn96qKarDtAPreH77cn7D9xVS57F,2,2,1,1,1.3333333333333333,0.5,1,1.0,2
614,HNT,HNT,rLQS6LgvvkvhyFQ9bM5QdX4q1RXuGPovCw,2,2,1,1,1.3333333333333333,0.5,1,1.0,2
615,RWA,RWA,rpWaYgXbVDhFU8W31Z9QW9txbrRtw7C7GU,2,2,1,1,1.3333333333333333,0.5,1,1.0,2
616,MASTERCARD,4D41535445524341524400000000000000000000,rMasTErwHuXNBTNkGoej4pDMMN4KQdWz9f,2,1,2,1,1.3333333333333333,0.5,1,1.0,1
617,JRV,JRV,rGG872YXwmsxkercxBbBpYwPkCutPrWPLk,2,1,2,1,1.3333333333333333,0.5,1,1.0,1
618,ETF,ETF,rEThyJ6jEn5kxRQLLRziiyckimQvbaw2Zq,2,1,1,1,1.0,1.0,0,0.0,1
619,BULLT,42554C4C54000000000000000000000000000000,rte5p3XB1gBBkomVhTitxn9ok8aM8egYM,2,1,1,1,1.0,1.0,0,0.0,1
620,DRG,DRG,r3XH5RVPztX3Vq33fWPJgSF7MnWbYJ8fCS,1,1,1,1,1.0,1.0,1,1.0,1
621,CATZ,4341545A00000000000000000000000000000000,rNTSPvCshQR374G6AGrPq38srURnABd8N4,1,1,1,1,1.0,1.0,1,1.0,1
622,WET,WET,rL8Pa1Gheve5EvsWeth8EEXJYRTg6Yutpe,1,1,1,1,1.0,1.0,1,1.0,1
623,XAMAN,58414D414E000000000000000000000000000000,rhxniQXsrEgq1Dv3icWV3EtERCZAe8G8np,1,1,1,1,1.0,1.0,1,1.0,1
624,XLoyalitY,584C6F79616C6974590000000000000000000000,rfQNEfqLQc5L34rS92Xh5nVtk9NVHbv4Gj,1,1,1,1,1.0,1.0,1,1.0,1
